<?xml version='1.0' encoding='UTF-8'?>
<workflow xmlns="http://vmware.com/vco/workflow" xmlns:xsi="http://www.w3.org/2001/XMLSchema-instance" xsi:schemaLocation="http://vmware.com/vco/workflow http://vmware.com/vco/workflow/Workflow-v4.xsd" root-name="item4" object-name="Workflow:name=generic" id="0037b167-341e-4858-941b-ffe5d9d32005" version="3.1.0" api-version="6.0.0" allowed-operations="vef" icon-id="38c7619b-4257-43f8-98b1-e6548ce015ec" restartMode="1" resumeFromFailedMode="0">
  <display-name><![CDATA[Rubrik - Add Cluster Instance]]></display-name>
  <description><![CDATA[Adds a Rubrik REST host to the Orchestrator inventory.]]></description>
  <position y="136.3181818181818" x="45.0"/>
  <input>
    <param name="name" type="string">
      <description><![CDATA[Host's name]]></description>
    </param>
    <param name="url" type="string">
      <description><![CDATA[Host's base URL]]></description>
    </param>
    <param name="consumerKey" type="string">
      <description><![CDATA[Consumer key]]></description>
    </param>
    <param name="consumerSecret" type="SecureString">
      <description><![CDATA[Consumer secret]]></description>
    </param>
    <param name="accessToken" type="string">
      <description><![CDATA[Access token]]></description>
    </param>
    <param name="accessTokenSecret" type="SecureString">
      <description><![CDATA[Access token secret]]></description>
    </param>
    <param name="connectionTimeout" type="number">
      <description><![CDATA[Connection timeout]]></description>
    </param>
    <param name="operationTimeout" type="number">
      <description><![CDATA[Operation timeout]]></description>
    </param>
    <param name="oauth2Token" type="string">
      <description><![CDATA[OAuth 2.0 token]]></description>
    </param>
    <param name="workstation" type="string">
      <description><![CDATA[Workstation  for NTLM authentication]]></description>
    </param>
    <param name="domain" type="string">
      <description><![CDATA[Domain  for NTLM authentication]]></description>
    </param>
    <param name="useProxy" type="boolean">
      <description><![CDATA[Use Proxy]]></description>
    </param>
    <param name="proxyHost" type="string">
      <description><![CDATA[Proxy host]]></description>
    </param>
    <param name="proxyPort" type="number">
      <description><![CDATA[Proxy port]]></description>
    </param>
  </input>
  <attrib name="errorCode" type="string" read-only="false">
    <value encoded="n"><![CDATA[]]></value>
    <description><![CDATA[Error code]]></description>
  </attrib>
  <attrib name="host" type="string" read-only="false">
    <value encoded="n"><![CDATA[]]></value>
  </attrib>
  <attrib name="ignoreWarnings" type="boolean" read-only="false">
    <value encoded="n"><![CDATA[true]]></value>
    <description><![CDATA[If set to true, the certificate is accepted silently and the certificate is added to the trusted store]]></description>
  </attrib>
  <attrib name="authUserName" type="string" read-only="false" conf-id="bdd0c5bf-0a75-4500-a7ef-41141502e51e" conf-key="username">
    <value encoded="n"><![CDATA[]]></value>
    <description><![CDATA[Authentication user name]]></description>
  </attrib>
  <attrib name="authPassword" type="SecureString" read-only="false" conf-id="bdd0c5bf-0a75-4500-a7ef-41141502e51e" conf-key="password">
    <value encoded="n"><![CDATA[]]></value>
    <description><![CDATA[Authentication password]]></description>
  </attrib>
  <attrib name="restHost" type="REST:RESTHost" read-only="false">
    <value encoded="n"><![CDATA[__NULL__]]></value>
    <description><![CDATA[The created RESTHost]]></description>
  </attrib>
  <attrib name="authentication" type="string" read-only="false">
    <value encoded="n"><![CDATA[Basic]]></value>
    <description><![CDATA[Host's authentication type]]></description>
  </attrib>
  <attrib name="hostVerification" type="boolean" read-only="false">
    <value encoded="n"><![CDATA[false]]></value>
    <description><![CDATA[Verify whether the target hostname matches the names stored inside the server's X.509 certificate]]></description>
  </attrib>
  <attrib name="sessionMode" type="string" read-only="false">
    <value encoded="n"><![CDATA[Shared Session]]></value>
    <description><![CDATA[Session mode]]></description>
  </attrib>
  <workflow-item name="item0" out-name="item1" catch-name="item2" throw-bind-name="errorCode" type="task">
    <display-name><![CDATA[Add a REST host]]></display-name>
    <script encoded="false"><![CDATA[var host = new RESTHost(name);
host.url = url;
host.connectionTimeout = connectionTimeout;
host.operationTimeout = operationTimeout;
host.hostVerification = hostVerification;
host.proxyHost = proxyHost;
host.proxyPort = proxyPort;
System.log("REST host: " + host);
if ( authentication == "OAuth 1.0" ) {
	var authParams = [consumerKey, consumerSecret, accessToken, accessTokenSecret];
} else if ( authentication == "OAuth 2.0" ) {
	var authParams = [oauth2Token];
} else if ( authentication == "NTLM" ) {
	var authParams = [sessionMode, authUserName, authPassword, workstation, domain];
} else {
	var authParams = [sessionMode, authUserName, authPassword];
}
var authenticationObject = RESTAuthenticationManager.createAuthentication(authentication, authParams);
System.log("REST host authentication: " + authenticationObject);
host.authentication = authenticationObject;

restHost = RESTHostManager.addHost(host);
System.log("REST host added: " + restHost);]]></script>
    <in-binding>
      <bind name="accessToken" type="string" export-name="accessToken"/>
      <bind name="accessTokenSecret" type="SecureString" export-name="accessTokenSecret"/>
      <bind name="authentication" type="string" export-name="authentication"/>
      <bind name="authPassword" type="SecureString" export-name="authPassword"/>
      <bind name="authUserName" type="string" export-name="authUserName"/>
      <bind name="connectionTimeout" type="number" export-name="connectionTimeout"/>
      <bind name="consumerKey" type="string" export-name="consumerKey"/>
      <bind name="consumerSecret" type="SecureString" export-name="consumerSecret"/>
      <bind name="name" type="string" export-name="name"/>
      <bind name="operationTimeout" type="number" export-name="operationTimeout"/>
      <bind name="url" type="string" export-name="url"/>
      <bind name="sessionMode" type="string" export-name="sessionMode"/>
      <bind name="oauth2Token" type="string" export-name="oauth2Token"/>
      <bind name="domain" type="string" export-name="domain"/>
      <bind name="workstation" type="string" export-name="workstation"/>
      <bind name="proxyHost" type="string" export-name="proxyHost"/>
      <bind name="proxyPort" type="number" export-name="proxyPort"/>
      <bind name="hostVerification" type="boolean" export-name="hostVerification"/>
    </in-binding>
    <out-binding>
      <bind name="restHost" type="REST:RESTHost" export-name="restHost"/>
      <bind name="errorCode" type="string" export-name="errorCode"/>
    </out-binding>
    <position y="146.3181818181818" x="544.5"/>
  </workflow-item>
  <workflow-item name="item1" type="end" end-mode="0">
    <position y="199.95454545454544" x="584.5"/>
  </workflow-item>
  <workflow-item name="item2" throw-bind-name="errorCode" type="end" end-mode="1">
    <position y="136.3181818181818" x="744.5"/>
  </workflow-item>
  <workflow-item name="item4" out-name="item8" type="custom-condition" alt-out-name="item0">
    <display-name><![CDATA[Custom decision]]></display-name>
    <script encoded="false"><![CDATA[return (/^https:/).test(url);]]></script>
    <in-binding>
      <bind name="url" type="string" export-name="url"/>
    </in-binding>
    <position y="136.3181818181818" x="284.5"/>
  </workflow-item>
  <workflow-item name="item3" throw-bind-name="errorCode" type="end" end-mode="1">
    <position y="54.5" x="524.5"/>
  </workflow-item>
  <workflow-item name="item6" out-name="item7" type="condition" alt-out-name="item5" comparator="0">
    <display-name><![CDATA[Decision]]></display-name>
    <script encoded="false"><![CDATA[//Generated by the system, cannot be edited
return (useProxy == true) ;]]></script>
    <in-binding>
      <bind name="useProxy" type="boolean" export-name="useProxy"/>
    </in-binding>
    <condition name="useProxy" type="boolean" comparator="0" label="null">false</condition>
    <position y="9.045454545454543" x="284.5"/>
  </workflow-item>
  <workflow-item name="item7" out-name="item0" catch-name="item3" throw-bind-name="errorCode" type="link" linked-workflow-id="b006447c-c041-4d51-8726-9f30b9709284">
    <display-name><![CDATA[Import a certificate from URL using proxy server]]></display-name>
    <in-binding>
      <bind name="url" type="string" export-name="host">
        <description><![CDATA[URL or just host:port for non-HTTPS SSL services:]]></description>
      </bind>
      <bind name="ignoreWarnings" type="boolean" export-name="ignoreWarnings">
        <description><![CDATA[If set to true, the certificate is accepted silently and the certificate is added to the trusted store]]></description>
      </bind>
      <bind name="proxyHost" type="string" export-name="proxyHost">
        <description><![CDATA[Proxy host]]></description>
      </bind>
      <bind name="proxyPort" type="number" export-name="proxyPort">
        <description><![CDATA[Proxy port]]></description>
      </bind>
    </in-binding>
    <out-binding/>
    <description><![CDATA[Imports an SSL certificate into the server trust store.]]></description>
    <position y="64.5" x="384.5"/>
  </workflow-item>
  <workflow-item name="item5" out-name="item0" catch-name="item3" throw-bind-name="errorCode" type="link" linked-workflow-id="c5a874a2-e8e7-480d-bdde-d1a80b8a3011">
    <display-name><![CDATA[Import a certificate from URL]]></display-name>
    <in-binding>
      <bind name="url" type="string" export-name="host">
        <description><![CDATA[URL or just host:port for non-HTTPS SSL services:]]></description>
      </bind>
      <bind name="ignoreWarnings" type="boolean" export-name="ignoreWarnings">
        <description><![CDATA[If set to true, the certificate is accepted silently and the certificate is added to the trusted store]]></description>
      </bind>
    </in-binding>
    <out-binding/>
    <description><![CDATA[Imports an SSL certificate into the server trust store.]]></description>
    <position y="19.045454545454543" x="544.5"/>
  </workflow-item>
  <workflow-item name="item8" out-name="item6" type="task">
    <display-name><![CDATA[Get host from base url]]></display-name>
    <script encoded="false"><![CDATA[host = url.substring(8, url.length);
var end = host.indexOf("/");
if (end != -1) {
	host = host.substring(0, end);
}
System.log(url);]]></script>
    <in-binding>
      <bind name="url" type="string" export-name="url"/>
    </in-binding>
    <out-binding>
      <bind name="host" type="string" export-name="host"/>
    </out-binding>
    <position y="82.68181818181817" x="285.0"/>
  </workflow-item>
  <presentation>
    <p-step>
      <title><![CDATA[Add a REST host]]></title>
      <p-group>
        <title><![CDATA[Host Properties]]></title>
        <desc><![CDATA[Properties  to add a Rubrik REST host. The name is the host's unique identifier.]]></desc>
        <p-param name="name">
          <desc><![CDATA[Name]]></desc>
          <p-qual kind="static" name="mandatory" type="boolean"><![CDATA[true]]></p-qual>
        </p-param>
        <p-param name="url">
          <desc><![CDATA[URL - https://[Rubrik IP or Hostname]]]></desc>
          <p-qual kind="static" name="mandatory" type="boolean"><![CDATA[true]]></p-qual>
        </p-param>
        <p-param name="connectionTimeout">
          <desc><![CDATA[Connection timeout (seconds)]]></desc>
          <p-qual kind="static" name="defaultValue" type="number"><![CDATA[30.0]]></p-qual>
          <p-qual kind="static" name="minNumberValue" type="Number"><![CDATA[0.0]]></p-qual>
        </p-param>
        <p-param name="operationTimeout">
          <desc><![CDATA[Operation timeout (seconds)]]></desc>
          <p-qual kind="static" name="defaultValue" type="number"><![CDATA[60.0]]></p-qual>
          <p-qual kind="static" name="minNumberValue" type="Number"><![CDATA[0.0]]></p-qual>
        </p-param>
      </p-group>
      <p-group>
        <title><![CDATA[Proxy settings]]></title>
        <p-param name="useProxy">
          <desc><![CDATA[Use Proxy]]></desc>
        </p-param>
        <p-param name="proxyHost">
          <desc><![CDATA[Proxy address]]></desc>
          <p-qual kind="static" name="mandatory" type="boolean"><![CDATA[true]]></p-qual>
          <p-qual kind="ognl" name="visible" type="boolean"><![CDATA[#useProxy]]></p-qual>
        </p-param>
        <p-param name="proxyPort">
          <desc><![CDATA[Proxy port]]></desc>
          <p-qual kind="static" name="mandatory" type="boolean"><![CDATA[true]]></p-qual>
          <p-qual kind="ognl" name="visible" type="boolean"><![CDATA[#useProxy]]></p-qual>
        </p-param>
      </p-group>
    </p-step>
    <p-group>
      <title><![CDATA[OAuth 1.0]]></title>
      <desc><![CDATA[<a href="http://oauth.net/">OAuth</a> authentication properties.]]></desc>
      <p-qual kind="ognl" name="visible" type="boolean"><![CDATA[#authentication=="OAuth 1.0"]]></p-qual>
      <p-param name="consumerKey">
        <desc><![CDATA[Consumer key]]></desc>
        <p-qual kind="static" name="mandatory" type="boolean"><![CDATA[true]]></p-qual>
      </p-param>
      <p-param name="consumerSecret">
        <desc><![CDATA[Consumer secret]]></desc>
        <p-qual kind="static" name="mandatory" type="boolean"><![CDATA[true]]></p-qual>
      </p-param>
      <p-param name="accessToken">
        <desc><![CDATA[Access token]]></desc>
      </p-param>
      <p-param name="accessTokenSecret">
        <desc><![CDATA[Access token secret]]></desc>
      </p-param>
    </p-group>
    <p-group>
      <title><![CDATA[OAuth 2.0]]></title>
      <p-qual kind="ognl" name="visible" type="boolean"><![CDATA[#authentication=="OAuth 2.0"]]></p-qual>
      <p-param name="oauth2Token">
        <desc><![CDATA[Token]]></desc>
        <p-qual kind="static" name="mandatory" type="boolean"><![CDATA[true]]></p-qual>
      </p-param>
    </p-group>
    <p-group>
      <title><![CDATA[NTLM]]></title>
      <p-qual kind="ognl" name="visible" type="boolean"><![CDATA[#authentication=="NTLM"]]></p-qual>
      <p-param name="workstation">
        <desc><![CDATA[Workstation  for NTLM authentication]]></desc>
        <p-qual kind="ognl" name="dataBinding" type="string"><![CDATA[GetAction("com.vmware.library.http-rest.configuration","getRESTHostAuthenticationProperty").call( #host , 3.0, #authentication, (#authentication=="NTLM") )]]></p-qual>
      </p-param>
      <p-param name="domain">
        <desc><![CDATA[Domain  for NTLM authentication]]></desc>
        <p-qual kind="ognl" name="dataBinding" type="string"><![CDATA[GetAction("com.vmware.library.http-rest.configuration","getRESTHostAuthenticationProperty").call( #host , 4.0, #authentication, (#authentication=="NTLM") )]]></p-qual>
        <p-qual kind="static" name="mandatory" type="boolean"><![CDATA[true]]></p-qual>
      </p-param>
    </p-group>
  </presentation>
</workflow>