<?xml version='1.0' encoding='UTF-8'?>
<workflow xmlns="http://vmware.com/vco/workflow" xmlns:xsi="http://www.w3.org/2001/XMLSchema-instance" xsi:schemaLocation="http://vmware.com/vco/workflow http://vmware.com/vco/workflow/Workflow-v4.xsd" root-name="item0" object-name="Workflow:name=generic" id="c0f8c32d-8661-400f-945f-8e832ca900c7" version="3.1.0" api-version="6.0.0" allowed-operations="vef" icon-id="38c7619b-4257-43f8-98b1-e6548ce015ec" restartMode="1" resumeFromFailedMode="0">
  <display-name><![CDATA[Rubrik - Remove Cluster instance]]></display-name>
  <description><![CDATA[Removes a REST host from the plug-in's inventory.]]></description>
  <ref-types><![CDATA[(REST:RESTHost)]]></ref-types>
  <position y="50.0" x="160.0"/>
  <input>
    <param name="host" type="REST:RESTHost">
      <description><![CDATA[REST host to be removed]]></description>
    </param>
  </input>
  <output>
    <param name="removedRestHost" type="rest:RESTHost">
      <description><![CDATA[The removed REST host]]></description>
    </param>
  </output>
  <attrib name="errorCode" type="string" read-only="false">
    <value encoded="n"><![CDATA[]]></value>
  </attrib>
  <workflow-item name="item0" out-name="item1" catch-name="item2" throw-bind-name="errorCode" type="task">
    <display-name><![CDATA[Remove REST host]]></display-name>
    <script encoded="false"><![CDATA[removedRestHost = RESTHostManager.removeHost(host.id);

System.log("REST host removed: " + removedRestHost);]]></script>
    <in-binding>
      <bind name="host" type="REST:RESTHost" export-name="host"/>
    </in-binding>
    <out-binding>
      <bind name="errorCode" type="string" export-name="errorCode"/>
      <bind name="removedRestHost" type="rest:RESTHost" export-name="removedRestHost"/>
    </out-binding>
    <position y="120.0" x="120.0"/>
  </workflow-item>
  <workflow-item name="item1" type="end" end-mode="0">
    <position y="170.0" x="160.0"/>
  </workflow-item>
  <workflow-item name="item2" throw-bind-name="errorCode" type="end" end-mode="1">
    <position y="110.0" x="280.0"/>
  </workflow-item>
  <presentation>
    <p-step>
      <title><![CDATA[Remove a REST host]]></title>
      <p-group>
        <title><![CDATA[Host]]></title>
        <desc><![CDATA[Specify the host to be removed.]]></desc>
        <p-param name="host">
          <desc><![CDATA[Host to remove]]></desc>
          <p-qual kind="static" name="mandatory" type="boolean"><![CDATA[true]]></p-qual>
          <p-qual name="contextualParameter" type="void"><![CDATA[]]></p-qual>
        </p-param>
      </p-group>
    </p-step>
  </presentation>
</workflow>