<?xml version='1.0' encoding='UTF-8'?>
<workflow xmlns="http://vmware.com/vco/workflow" xmlns:xsi="http://www.w3.org/2001/XMLSchema-instance" xsi:schemaLocation="http://vmware.com/vco/workflow http://vmware.com/vco/workflow/Workflow-v4.xsd" root-name="item1" object-name="workflow:name=generic" id="c61fad08-537d-4548-9280-8004a9b92cb3" version="2.0.1" api-version="6.0.0" allowed-operations="vef" icon-id="93015d83-b1ba-42d0-9b3c-bb3ebb862beb" restartMode="1" resumeFromFailedMode="0">
  <display-name><![CDATA[Import a certificate from URL with certificate alias]]></display-name>
  <description><![CDATA[Imports an SSL certificate into the server trust store.]]></description>
  <position y="50.0" x="100.0"/>
  <input>
    <param name="url" type="string">
      <description><![CDATA[URL or just host:port for non-HTTPS SSL services:]]></description>
    </param>
    <param name="ignoreWarnings" type="boolean">
      <description><![CDATA[If set to true, the certificate is accepted silently and the certificate is added to the trusted store]]></description>
    </param>
    <param name="certAlias" type="string">
      <description><![CDATA[Leave blank to import the certificate with autogenerated alias.  If it is provided this workflow will override any existing certificate with that alias.]]></description>
    </param>
  </input>
  <attrib name="error" type="string" read-only="false">
    <value encoded="n"><![CDATA[]]></value>
    <description><![CDATA[Error message]]></description>
  </attrib>
  <attrib name="isNotTrusted" type="boolean" read-only="false">
    <value encoded="n"><![CDATA[__NULL__]]></value>
  </attrib>
  <attrib name="isCertificateExpired" type="boolean" read-only="false">
    <value encoded="n"><![CDATA[__NULL__]]></value>
  </attrib>
  <attrib name="isDomainWrong" type="boolean" read-only="false">
    <value encoded="n"><![CDATA[__NULL__]]></value>
  </attrib>
  <attrib name="isNotValid" type="boolean" read-only="false">
    <value encoded="n"><![CDATA[__NULL__]]></value>
  </attrib>
  <attrib name="errorText" type="string" read-only="false">
    <value encoded="n"><![CDATA[]]></value>
    <description><![CDATA[Generic validation error]]></description>
  </attrib>
  <attrib name="certInfo" type="string" read-only="false">
    <value encoded="n"><![CDATA[]]></value>
    <description><![CDATA[Certificate Info]]></description>
  </attrib>
  <attrib name="installCertificate" type="boolean" read-only="false">
    <value encoded="n"><![CDATA[true]]></value>
  </attrib>
  <attrib name="certificateHostName" type="string" read-only="false">
    <value encoded="n"><![CDATA[]]></value>
  </attrib>
  <workflow-item name="item1" out-name="item2" type="task">
    <display-name><![CDATA[Validate]]></display-name>
    <script encoded="false"><![CDATA[var ld = Config.getKeystores().getImportCAFromUrlAction();
var model = ld.getModel();
model.value = cer;
if(!error){
	try{
		var certValidationResult = ld.validateCertificates();
		certInfo = ld.getCertInfo();
		isNotTrusted = certValidationResult.isNoChainOfTrust();
		isCertificateExpired = certValidationResult.isCertificateExpired();
		isDomainWrong = certValidationResult.isWrongDomain();
		certificateHostName = certValidationResult.getCertificateHostName();
		isNotValid = certValidationResult.isNotValid();
		errorText = certValidationResult.getErrorText();
	}catch(e){
		error = e.toString();
	}
}]]></script>
    <in-binding>
      <bind name="cer" type="string" export-name="url"/>
    </in-binding>
    <out-binding>
      <bind name="error" type="string" export-name="error"/>
      <bind name="isNotTrusted" type="boolean" export-name="isNotTrusted"/>
      <bind name="isCertificateExpired" type="boolean" export-name="isCertificateExpired"/>
      <bind name="isDomainWrong" type="boolean" export-name="isDomainWrong"/>
      <bind name="certInfo" type="string" export-name="certInfo"/>
      <bind name="certificateHostName" type="string" export-name="certificateHostName"/>
      <bind name="isNotValid" type="boolean" export-name="isNotValid"/>
      <bind name="errorText" type="string" export-name="errorText"/>
    </out-binding>
    <position y="55.40909090909091" x="204.5"/>
  </workflow-item>
  <workflow-item name="item0" type="end" end-mode="0">
    <position y="109.04545454545453" x="1084.5"/>
  </workflow-item>
  <workflow-item name="item2" out-name="item7" type="custom-condition" alt-out-name="item3">
    <display-name><![CDATA[Able to connect?]]></display-name>
    <script encoded="false"><![CDATA[return !error;]]></script>
    <in-binding>
      <bind name="error" type="string" export-name="error"/>
    </in-binding>
    <position y="45.40909090909091" x="344.5"/>
  </workflow-item>
  <workflow-item name="item4" out-name="item5" type="task">
    <display-name><![CDATA[Import certificate]]></display-name>
    <script encoded="false"><![CDATA[var ld = Config.getKeystores().getImportCAFromUrlAction();
ld.setCertificateAlias(certAlias)
var model = ld.getModel();
model.value = cer;
error = ld.execute();]]></script>
    <in-binding>
      <bind name="cer" type="string" export-name="url"/>
      <bind name="certAlias" type="string" export-name="certAlias"/>
    </in-binding>
    <out-binding>
      <bind name="error" type="string" export-name="error"/>
    </out-binding>
    <position y="55.40909090909091" x="864.5"/>
  </workflow-item>
  <workflow-item name="item3" business-status="Error" throw-bind-name="error" type="end" end-mode="1">
    <position y="109.04545454545453" x="384.5"/>
  </workflow-item>
  <workflow-item name="item5" out-name="item0" type="custom-condition" alt-out-name="item6">
    <display-name><![CDATA[Is there a problem with importing the certificate?]]></display-name>
    <script encoded="false"><![CDATA[return !error;]]></script>
    <in-binding>
      <bind name="error" type="string" export-name="error"/>
    </in-binding>
    <position y="45.40909090909091" x="1044.5"/>
  </workflow-item>
  <workflow-item name="item6" business-status="ExecutionError" throw-bind-name="error" type="end" end-mode="1">
    <position y="45.40909090909091" x="1224.5"/>
  </workflow-item>
  <workflow-item name="item8" throw-bind-name="error" type="end" end-mode="1">
    <position y="172.68181818181816" x="544.5"/>
  </workflow-item>
  <workflow-item name="item9" out-name="item8" type="task">
    <display-name><![CDATA[Set error]]></display-name>
    <script encoded="false"><![CDATA[error = "Certificate has been expired.\n" + certInfo;]]></script>
    <in-binding>
      <bind name="certInfo" type="string" export-name="certInfo"/>
    </in-binding>
    <out-binding>
      <bind name="error" type="string" export-name="error"/>
    </out-binding>
    <position y="119.04545454545453" x="504.5"/>
  </workflow-item>
  <workflow-item name="item10" out-name="item4" type="custom-condition" alt-out-name="item12">
    <display-name><![CDATA[Does certificate have a valid host name or has other issues?]]></display-name>
    <script encoded="false"><![CDATA[return !(isDomainWrong || (isNotValid && !isNotTrusted));]]></script>
    <in-binding>
      <bind name="isDomainWrong" type="boolean" export-name="isDomainWrong"/>
      <bind name="isNotValid" type="boolean" export-name="isNotValid"/>
      <bind name="isNotTrusted" type="boolean" export-name="isNotTrusted"/>
    </in-binding>
    <position y="109.04545454545453" x="684.5"/>
  </workflow-item>
  <workflow-item name="item12" out-name="item13" type="input">
    <display-name><![CDATA[User interaction]]></display-name>
    <in-binding>
      <bind name="security.group" type="LdapGroup" explicitly-not-bound="true" export-name="NULL">
        <description><![CDATA[Any user member of this security group will be authorized to answer this 'Input']]></description>
      </bind>
      <bind name="timeout.date" type="Date" explicitly-not-bound="true" export-name="NULL">
        <description><![CDATA[If not null, this input item will wait until date and will continue workflow execution.]]></description>
      </bind>
    </in-binding>
    <out-binding>
      <bind name="certInfo" type="string" export-name="certInfo"/>
      <bind name="installCertificate" type="boolean" export-name="installCertificate"/>
      <bind name="certificateHostName" type="string" export-name="certificateHostName"/>
      <bind name="errorText" type="string" export-name="errorText"/>
    </out-binding>
    <presentation>
      <p-step>
        <title><![CDATA[Certificate warnings]]></title>
        <p-group>
          <title><![CDATA[Details]]></title>
          <p-qual kind="ognl" name="visible" type="boolean"><![CDATA[#isNotValid]]></p-qual>
          <p-param name="errorText">
            <desc><![CDATA[Warning]]></desc>
            <p-qual name="textInput" type="void"><![CDATA[__NULL__]]></p-qual>
          </p-param>
        </p-group>
        <p-group>
          <title><![CDATA[Untrusted certificate]]></title>
          <desc><![CDATA[An untrusted certificate is installed on the server and secure communication cannot be guaranteed. Depending on your security policy, this issue might not represent a security concern. You may need to install a trusted SSL certificate on your server to prevent this warning from appearing.]]></desc>
          <p-qual kind="ognl" name="visible" type="boolean"><![CDATA[#isNotTrusted]]></p-qual>
          <p-param name="certInfo">
            <desc><![CDATA[Certificate details]]></desc>
            <p-qual name="textInput" type="void"><![CDATA[__NULL__]]></p-qual>
          </p-param>
        </p-group>
        <p-group>
          <title><![CDATA[Wrong site]]></title>
          <desc><![CDATA[This server attemps to identify itself with invalid information, the certicate belongs to a different site, which could indicate an identity theft.]]></desc>
          <p-qual kind="ognl" name="visible" type="boolean"><![CDATA[#isDomainWrong]]></p-qual>
          <p-param name="certificateHostName">
            <desc><![CDATA[Certificate issued to]]></desc>
            <p-qual name="textInput" type="void"><![CDATA[__NULL__]]></p-qual>
          </p-param>
        </p-group>
      </p-step>
      <p-step>
        <title><![CDATA[Import certificate]]></title>
        <p-param name="installCertificate">
          <desc><![CDATA[Import certificate anyway?]]></desc>
        </p-param>
      </p-step>
    </presentation>
    <position y="182.68181818181816" x="684.5"/>
  </workflow-item>
  <workflow-item name="item7" out-name="item9" type="condition" alt-out-name="item11" comparator="0">
    <display-name><![CDATA[Is certificate expired?]]></display-name>
    <script encoded="false"><![CDATA[//Generated by the system, cannot be edited
return (isCertificateExpired == true) ;]]></script>
    <in-binding>
      <bind name="isCertificateExpired" type="boolean" export-name="isCertificateExpired"/>
    </in-binding>
    <condition name="isCertificateExpired" type="boolean" comparator="0" label="null">false</condition>
    <position y="45.40909090909091" x="504.5"/>
  </workflow-item>
  <workflow-item name="item13" out-name="item4" type="condition" alt-out-name="item15" comparator="0">
    <display-name><![CDATA[Proceed importing certificate?]]></display-name>
    <script encoded="false"><![CDATA[//Generated by the system, cannot be edited
return (installCertificate == true) ;]]></script>
    <in-binding>
      <bind name="installCertificate" type="boolean" export-name="installCertificate"/>
    </in-binding>
    <condition name="installCertificate" type="boolean" comparator="0" label="null">false</condition>
    <position y="109.04545454545453" x="864.5"/>
  </workflow-item>
  <workflow-item name="item11" out-name="item4" type="condition" alt-out-name="item10" comparator="0">
    <display-name><![CDATA[Ignore warnings?]]></display-name>
    <script encoded="false"><![CDATA[//Generated by the system, cannot be edited
return (ignoreWarnings == true) ;]]></script>
    <in-binding>
      <bind name="ignoreWarnings" type="boolean" export-name="ignoreWarnings"/>
    </in-binding>
    <condition name="ignoreWarnings" type="boolean" comparator="0" label="null">false</condition>
    <position y="45.40909090909091" x="684.5"/>
  </workflow-item>
  <workflow-item name="item14" throw-bind-name="error" type="end" end-mode="1">
    <position y="172.68181818181816" x="1084.5"/>
  </workflow-item>
  <workflow-item name="item15" out-name="item14" type="task">
    <display-name><![CDATA[Set message]]></display-name>
    <script encoded="false"><![CDATA[error = "Certificate is not accepted by user";]]></script>
    <in-binding/>
    <out-binding>
      <bind name="error" type="string" export-name="error"/>
    </out-binding>
    <position y="182.68181818181816" x="865.0"/>
  </workflow-item>
  <presentation>
    <p-param name="url">
      <desc><![CDATA[URL or just host:port for non-HTTPS SSL services:]]></desc>
      <p-qual kind="static" name="mandatory" type="boolean"><![CDATA[true]]></p-qual>
    </p-param>
    <p-param name="ignoreWarnings">
      <desc><![CDATA[Will you accept a certificate with warnings? If you select Yes, the certificate is accepted silently and the certificate is added to the trusted store.]]></desc>
    </p-param>
    <p-param name="certAlias">
      <desc><![CDATA[Leave blank to import the certificate with autogenerated alias. If it is provided this workflow will override any existing certificate with that alias.]]></desc>
    </p-param>
  </presentation>
</workflow>