<?xml version='1.0' encoding='UTF-8'?>
<workflow xmlns="http://vmware.com/vco/workflow" xmlns:xsi="http://www.w3.org/2001/XMLSchema-instance" xsi:schemaLocation="http://vmware.com/vco/workflow http://vmware.com/vco/workflow/Workflow-v4.xsd" root-name="item0" object-name="workflow:name=generic" id="c5a874a2-e8e7-480d-bdde-d1a80b8a3011" version="1.0.2" api-version="6.0.0" allowed-operations="vef" icon-id="93015d83-b1ba-42d0-9b3c-bb3ebb862beb" restartMode="1" resumeFromFailedMode="0">
  <display-name><![CDATA[Import a certificate from URL]]></display-name>
  <description><![CDATA[Imports an SSL certificate into the server trust store.]]></description>
  <position y="50.0" x="100.0"/>
  <input>
    <param name="url" type="string">
      <description><![CDATA[URL or just host:port for non-HTTPS SSL services:]]></description>
    </param>
    <param name="ignoreWarnings" type="boolean">
      <description><![CDATA[If set to true, the certificate is accepted silently and the certificate is added to the trusted store]]></description>
    </param>
  </input>
  <workflow-item name="item1" type="end" end-mode="0">
    <position y="45.40909090909091" x="404.5"/>
  </workflow-item>
  <workflow-item name="item0" out-name="item1" type="link" linked-workflow-id="c61fad08-537d-4548-9280-8004a9b92cb3">
    <display-name><![CDATA[Import a certificate from URL with certificate alias]]></display-name>
    <in-binding>
      <bind name="url" type="string" export-name="url">
        <description><![CDATA[URL or just host:port for non-HTTPS SSL services:]]></description>
      </bind>
      <bind name="ignoreWarnings" type="boolean" export-name="ignoreWarnings">
        <description><![CDATA[If set to true, the certificate is accepted silently and the certificate is added to the trusted store]]></description>
      </bind>
      <bind name="certAlias" type="string" explicitly-not-bound="true" export-name="NULL">
        <description><![CDATA[Leave blank to import the certificate with autogenerated alias.  If it is provided this workflow will override any existing certificate with that alias.]]></description>
      </bind>
    </in-binding>
    <out-binding/>
    <description><![CDATA[Imports an SSL certificate into the server trust store.]]></description>
    <position y="55.90909090909091" x="205.0"/>
  </workflow-item>
  <presentation>
    <p-param name="url">
      <desc><![CDATA[URL or just host:port for non-HTTPS SSL services:]]></desc>
      <p-qual kind="static" name="mandatory" type="boolean"><![CDATA[true]]></p-qual>
    </p-param>
    <p-param name="ignoreWarnings">
      <desc><![CDATA[Will you accept a certificate with warnings? If you select Yes, the certificate is accepted silently and the certificate is added to the trusted store.]]></desc>
    </p-param>
  </presentation>
</workflow>