<?xml version='1.0' encoding='UTF-8'?>
<config-element id="bdd0c5bf-0a75-4500-a7ef-41141502e51e" version="3.1.0">
  <display-name><![CDATA[Rubrik]]></display-name>
  <description><![CDATA[username and password for Rubrik appliance]]></description>
  <atts>
    <att name="password" type="SecureString" read-only="false">
      <description><![CDATA[Rubrik password]]></description>
    </att>
    <att name="rubrikHost" type="REST:RESTHost" read-only="false">
      <description><![CDATA[Rubrik REST host]]></description>
    </att>
    <att name="username" type="string" read-only="false">
      <description><![CDATA[Rubrik username]]></description>
    </att>
  </atts>
</config-element>