<?xml version='1.0' encoding='UTF-8'?>
<dunes-script-module name="rubrik_GetSlaByVmId" result-type="string" api-version="6.0.0" id="c9aca3b3-fe7c-4b7e-8d84-5b2dc7fd40cd" version="0.0.0" allowed-operations="vef">
  <description><![CDATA[Return the Rubrik ID for a VM object by matching both the friendly name and moid values]]></description>
  <param n="rubrikHost" t="REST:RESTHost"><![CDATA[Rubrik REST Node]]></param>
  <param n="vmid" t="string"><![CDATA[Virtual Machine Entity]]></param>
  <param n="token" t="string"><![CDATA[Token]]></param>
  <script encoded="false"><![CDATA[if (!vmid || !token){return null;}

//Construct REST call
var url = "vmware/vm/" + vmid;
var method = "GET";
var content = undefined;

//Make the REST call
var response = System.getModule("com.rubrik.devops.actions").rubrik_GetFromAPI(rubrikHost,url,method,content,token)

var obj = JSON.parse(response.contentAsString);
return obj.effectiveSlaDomain.name;
	


]]></script>
</dunes-script-module>