<?xml version='1.0' encoding='UTF-8'?>
<dunes-script-module name="rubrik_SetSnapJob" result-type="string" api-version="6.0.0" id="e082b659-a100-4f1c-97da-4fe44ed4ecaf" version="0.0.0" allowed-operations="vef">
  <description><![CDATA[Run a backup job on a VM in Rubrik and return the Rubrik job ID for this backup job]]></description>
  <param n="token" t="string"><![CDATA[Rubrik authentication token]]></param>
  <param n="rubrikHost" t="REST:RESTHost"><![CDATA[Rubrik REST host]]></param>
  <param n="vmId" t="string"><![CDATA[Rubrik VM ID]]></param>
  <param n="slaId" t="string"><![CDATA[]]></param>
  <script encoded="false"><![CDATA[//Construct REST call
var method = "POST";
var url = "vmware/vm/" + vmId + "/snapshot";
if (slaId) {var content = '{"slaId":"' + slaId + '"}';}
else{var content = null;}

//Make the REST call
var response = System.getModule("com.rubrik.devops.actions").rubrik_GetFromAPI(rubrikHost,url,method,content,token)
var json = (JSON.parse(response.contentAsString));
//Return Backup Job ID
return json.id]]></script>
</dunes-script-module>