<?xml version='1.0' encoding='UTF-8'?>
<dunes-script-module name="rubrik_GetSlaList" result-type="Array/string" api-version="6.0.0" id="4325b87b-eade-4457-9437-ce505e79ebe5" version="0.0.0" allowed-operations="vef">
  <description><![CDATA[Query Rubrik for all current SLA Domains and try to match one against the name provided.  If a match is found return the ID of the matching SLA Domain]]></description>
  <param n="rubrikHost" t="REST:RESTHost"><![CDATA[Rubrik REST host]]></param>
  <param n="token" t="string"><![CDATA[]]></param>
  <script encoded="false"><![CDATA[//Get Token
if (!rubrikHost || !token){ return null;}


//Construct REST Call
var url = "sla_domain?primary_cluster_id=local";
var method = "GET";
var content = undefined;

//Make the REST Call
var response = System.getModule("com.rubrik.devops.actions").rubrik_GetFromAPI(rubrikHost,url,method,content,token)

//Loop Through SLA Domains to Find Corresponding ID
var json = (JSON.parse(response.contentAsString)).data;

var out = [];
for (var key in json) {
  System.log(json[key]['name']);
  out.push(json[key].name);
}

return out;]]></script>
</dunes-script-module>