<?xml version='1.0' encoding='UTF-8'?>
<dunes-script-module name="rubrik_GetFromAPI" result-type="string" api-version="6.0.0" id="d2aa64e8-8b4a-4d3b-8d99-898d95817ac9" version="3.1.0" allowed-operations="vef">
  <description><![CDATA[GET Request against Rubrik API]]></description>
  <param n="rubrikHost" t="REST:RESTHost"><![CDATA[Rubrik REST host]]></param>
  <param n="url" t="string"><![CDATA[Endpoint Requested]]></param>
  <param n="method" t="string"><![CDATA[]]></param>
  <param n="content" t="string"><![CDATA[]]></param>
  <param n="token" t="string"><![CDATA[]]></param>
  <script encoded="false"><![CDATA[//Log REST Call Info
System.log(rubrikHost.name + ":" + url + ":" + method + ":" + token);
url = encodeURI("api/v1/" + url);
var request = rubrikHost.createRequest(method, url, content);
request.contentType = "application\/json";
request.setHeader("Accept", "application/json");
if (token === undefined){
}
else {
  var token = ("Bearer " + token);
  request.setHeader("Authorization", token);
}
//Execute REST Call
num = 0;
while (num = 0 || num < 5){
  try {
    var response = request.execute();
  }
  catch (ex) {
    System.error("REST call failed");
    throw "Stopping Execution";
  }
//Evaluate REST Response
  var statusCode = response.statusCode;
  if (statusCode == 200 || statusCode == 202) {
    num = 7;
  }
  else if (statusCode == 404){ 
    num++ ;
  }
  else if (statusCode == 401){ 
    return statusCode;
    num++ ;
  }
  else {
	System.error("REST Call Status Code = " + statusCode);
	throw "Stopping Execution";
	num = 7;
  }
}
return response;
]]></script>
</dunes-script-module>