<?xml version='1.0' encoding='UTF-8'?>
<dunes-script-module name="rubrik_GetFileVersions" result-type="Array/string" api-version="6.0.0" id="cde7909e-47f2-4ff2-87e1-74c6733d6463" version="0.0.0" allowed-operations="vef">
  <description><![CDATA[Query Rubrik for all current SLA Domains and try to match one against the name provided.  If a match is found return the ID of the matching SLA Domain]]></description>
  <param n="rubrikHost" t="REST:RESTHost"><![CDATA[Rubrik REST host]]></param>
  <param n="requestedFile" t="string"><![CDATA[]]></param>
  <param n="vmid" t="string"><![CDATA[]]></param>
  <param n="token" t="string"><![CDATA[]]></param>
  <param n="type" t="string"><![CDATA[]]></param>
  <script encoded="false"><![CDATA[//Construct REST call
if (!requestedFile || !vmid || !token || !type){return null;}
var url = "vmware/vm/" + vmid + "/search?path=" + requestedFile;
var method = "GET";
var content = undefined;

//Make the REST Call
var response = System.getModule("com.rubrik.devops.actions").rubrik_GetFromAPI(rubrikHost,url,method,content,token);

//Loop Through SLA Domains to Find Corresponding ID
var json = (JSON.parse(response.contentAsString)).data;

var t={};
for (var key in json[0].fileVersions) {
 if (type == "lastModified"){
    date = System.getModule("com.rubrik.devops.actions").rubrik_convertTimestamp(json[0].fileVersions[key].lastModified,'fromrubrik');
    if (!t[date]){t[date] = 1;}
    else {t[date]= ++t[date];}
  }
}
var o = [];
for (key in t){
//  o.indexOf(key + " (" + t[key] + " copies)") === -1 ? o.push(key + " (" + t[key] + " copies)"):void(0);
  if (t[key] <= 1){n=" ("+t[key]+" Copy)";}else{n=" ("+t[key]+" Copies)";}
  o.push(key + n);
  o=o.sort();
  o=o.reverse();
}

return o;]]></script>
</dunes-script-module>