<?xml version='1.0' encoding='UTF-8'?>
<dunes-script-module name="rubrik_SetFileRecovery" result-type="string" api-version="6.0.0" id="82b1d9d6-bcd9-4763-910c-a3ff02e4c9db" version="3.1.0" allowed-operations="vef">
  <description><![CDATA[Assigns a VM to a Rubrik SLA Domain]]></description>
  <param n="token" t="string"><![CDATA[Rubrik authentication token]]></param>
  <param n="rubrikHost" t="REST:RESTHost"><![CDATA[Rubrik rest host]]></param>
  <param n="requestedSnapshot" t="string"><![CDATA[]]></param>
  <param n="requestedFile" t="string"><![CDATA[]]></param>
  <param n="alternatePath" t="string"><![CDATA[]]></param>
  <param n="alternateUser" t="string"><![CDATA[]]></param>
  <param n="alternatePassword" t="SecureString"><![CDATA[]]></param>
  <param n="alternateDomain" t="string"><![CDATA[]]></param>
  <script encoded="false"><![CDATA[//Construct REST call
var method = "POST";
restoreto = requestedFile.split(/\\|\//);
path = requestedFile.split(/\\|\//);
name = restoreto.pop();
path = path.join("/");

//restoreto.push("restored/" + requestedSnapshot);
restoreto = restoreto.join("/");
var obj = {};
obj["path"] = path;
obj["restorePath"] = restoreto;
if (alternatePath){obj["restorePath"] = alternatePath;}
if (alternateDomain){obj["domainName"] = alternateDomain;}
if (alternateUser && alternatePassword){obj["username"] = alternateUser; obj["password"] = alternatePassword}

var content = JSON.stringify(obj);
var url = "vmware/vm/snapshot/" + requestedSnapshot + "/restore_file";

//Make the REST call
var response = System.getModule("com.rubrik.devops.actions").rubrik_GetFromAPI(rubrikHost,url,method,content,token)
var json = (JSON.parse(response.contentAsString));

return json.id;]]></script>
</dunes-script-module>