<?xml version='1.0' encoding='UTF-8'?>
<dunes-script-module name="rubrik_GetSlaByVm" result-type="string" api-version="6.0.0" id="2b78ec92-49ee-438b-ade1-178e27f61149" version="0.0.0" allowed-operations="vef">
  <description><![CDATA[Return the Rubrik ID for a VM object by matching both the friendly name and moid values]]></description>
  <param n="rubrikHost" t="REST:RESTHost"><![CDATA[Rubrik REST Node]]></param>
  <param n="vm" t="VC:VirtualMachine"><![CDATA[Virtual Machine Entity]]></param>
  <param n="token" t="string"><![CDATA[Token]]></param>
  <script encoded="false"><![CDATA[if (!vm || !token){return null;}

//Construct REST call
var url = "vmware/vm?limit=9999&name=" + vm.name;
var method = "GET";
var content = undefined;

//Make the REST call
var response = System.getModule("com.rubrik.devops.actions").rubrik_GetFromAPI(rubrikHost,url,method,content,token)

var obj = JSON.parse(response.contentAsString).data[0];
return obj.effectiveSlaDomainName;
	


]]></script>
</dunes-script-module>