<?xml version='1.0' encoding='UTF-8'?>
<dunes-script-module name="rubrik_GetTaskStatus" result-type="string" api-version="6.0.0" id="36c8f6d3-17fd-4fdf-b751-eb0eb22d44ef" version="0.0.0" allowed-operations="vef">
  <description><![CDATA[Instantly Recover from a snapshot off the Rubrik platform

WARNING: This action will affect the production VM.  Use with caution!]]></description>
  <param n="rubrikHost" t="REST:RESTHost"><![CDATA[Rubrik REST host]]></param>
  <param n="token" t="string"><![CDATA[Rubrik authentication token]]></param>
  <param n="requestId" t="string"><![CDATA[]]></param>
  <script encoded="false"><![CDATA[//Construct REST call
var url = "vmware/vm/request/" + requestId;
var method = "GET";
var content = undefined;

//Make the REST call
var response = System.getModule("com.rubrik.devops.actions").rubrik_GetFromAPI(rubrikHost,url,method,content,token);

requestId = requestId.replace(/\ \(.*\)/, "");
var json = (JSON.parse(response.contentAsString));
return json.status;]]></script>
</dunes-script-module>