<?xml version='1.0' encoding='UTF-8'?>
<dunes-script-module name="rubrik_SearchFilesByVm" result-type="Array/string" api-version="6.0.0" id="1d2e6416-3032-436d-bf5d-e63e6bc83a93" version="0.0.0" allowed-operations="vef">
  <description><![CDATA[Query Rubrik for all current SLA Domains and try to match one against the name provided.  If a match is found return the ID of the matching SLA Domain]]></description>
  <param n="rubrikHost" t="REST:RESTHost"><![CDATA[Rubrik REST host]]></param>
  <param n="search" t="string"><![CDATA[]]></param>
  <param n="vmid" t="string"><![CDATA[]]></param>
  <param n="token" t="string"><![CDATA[]]></param>
  <script encoded="false"><![CDATA[//Construct REST call
if (!token || !search || !vmid){return null;}
var url = "vmware/vm/" + vmid + "/search?path=" + search;
var method = "GET";
var content = undefined;

//Make the REST Call
var response = System.getModule("com.rubrik.devops.actions").rubrik_GetFromAPI(rubrikHost,url,method,content,token)

//Loop Through SLA Domains to Find Corresponding ID
var json = (JSON.parse(response.contentAsString)).data;

var out = [];
for (var key in json) {
  out.push(json[key].path);
}

return out;]]></script>
</dunes-script-module>