<?xml version='1.0' encoding='UTF-8'?>
<dunes-script-module name="rubrik_SetInstantRecovery" result-type="string" api-version="6.0.0" id="15420c0a-38e5-4a1a-954b-62161e62010c" version="0.0.0" allowed-operations="vef">
  <description><![CDATA[Instantly Recover from a snapshot off the Rubrik platform

WARNING: This action will affect the production VM.  Use with caution!]]></description>
  <param n="rubrikHost" t="REST:RESTHost"><![CDATA[Rubrik REST host]]></param>
  <param n="token" t="string"><![CDATA[Rubrik authentication token]]></param>
  <param n="snapshotId" t="string"><![CDATA[Rubrik snapshot ID]]></param>
  <script encoded="false"><![CDATA[//Construct REST call
var method = "POST";
var content = '{ "removeNetworkDevices": false, "preserveMoid": true, "keepMacAddresses": true}';
var url = "vmware/vm/snapshot/" + snapshotId + "/instant_recover";

//Make the REST call
var response = System.getModule("com.rubrik.devops.actions").rubrik_GetFromAPI(rubrikHost,url,method,content,token)

var json = JSON.parse(response.contentAsString);
return json.id;]]></script>
</dunes-script-module>