<?xml version='1.0' encoding='UTF-8'?>
<dunes-script-module name="rubrik_SetSlaByVmId" result-type="string" api-version="6.0.0" id="d98c0a72-482a-4bd1-acf9-81c0498a2bb5" version="3.1.0" allowed-operations="vef">
  <description><![CDATA[Assigns a VM to a Rubrik SLA Domain]]></description>
  <param n="token" t="string"><![CDATA[Rubrik authentication token]]></param>
  <param n="slaID" t="string"><![CDATA[Rubrik ID for SLA Domain]]></param>
  <param n="rubrikHost" t="REST:RESTHost"><![CDATA[Rubrik rest host]]></param>
  <param n="vmId" t="string"><![CDATA[Rubrik ID for VM]]></param>
  <script encoded="false"><![CDATA[//Construct REST call
var method = "PATCH";
var url = "vmware/vm/" + vmId;
var content = '{"configuredSlaDomainId":"' + slaID + '"}';

//Make the REST call
var response = System.getModule("com.rubrik.devops.actions").rubrik_GetFromAPI(rubrikHost,url,method,content,token)
var json = (JSON.parse(response.contentAsString));

if (json.effectiveSlaDomain){return json.effectiveSlaDomain.name;}
else {return "Not Assigned";}]]></script>
</dunes-script-module>