<?xml version='1.0' encoding='UTF-8'?>
<dunes-script-module name="rubrik_GetVCenterId" result-type="string" api-version="6.0.0" id="47f33358-10ac-4ec5-b69d-7d9988e68be2" version="0.0.0" allowed-operations="vef">
  <description><![CDATA[Run a backup job on a VM in Rubrik and return the Rubrik job ID for this backup job]]></description>
  <param n="token" t="string"><![CDATA[Rubrik authentication token]]></param>
  <param n="rubrikHost" t="REST:RESTHost"><![CDATA[Rubrik REST host]]></param>
  <param n="vm" t="VC:VirtualMachine"><![CDATA[Rubrik VM ID]]></param>
  <script encoded="false"><![CDATA[//Construct REST call
var method = "GET";
if (vm) {var url = "vmware/vm?primary_cluster_id=local&name=" + vm.name;}
else {var url = "vmware/vcenter?primary_cluster_id=local";}
//var content = '{"id":"' + vmId + '"}';
var content = undefined;

//Make the REST call
var response = System.getModule("com.rubrik.devops.actions").rubrik_GetFromAPI(rubrikHost,url,method,content,token)
var json = (JSON.parse(response.contentAsString)).data;
var out = [];
//Return Backup Job ID
if (vm) {
  out.push(json.vcenterId);
}
else {
  for (key in json){
    out.push(json.vcenterId);
  }
}

return out; ]]></script>
</dunes-script-module>