<?xml version='1.0' encoding='UTF-8'?>
<dunes-script-module name="rubrik_answerQuestion" result-type="Any" api-version="6.0.0" id="b7fc1a3e-cb68-434b-948e-eca8589cbffa" version="0.1.0" allowed-operations="vef">
  <description><![CDATA[Wait for a VC Task to end or for the VM to ask a question.
Return the task result or the question asked. ]]></description>
  <param n="task" t="VC:Task"><![CDATA[Task to Wait for]]></param>
  <param n="progress" t="boolean"><![CDATA[Log progess while waiting for the task]]></param>
  <param n="pollRate" t="number"><![CDATA[Polling rate for the task state [seconds]]]></param>
  <param n="vm" t="VC:VirtualMachine"><![CDATA[]]></param>
  <script encoded="false"><![CDATA[if (task == null) {
	throw "VC Task is null";
}
if (vm == null) {
	throw "VM is null";
}

var taskEnd = false;
var error;

while (task != null) {
    System.log(task.info.name);
	if (task.info == null) {
		throw "VC Task info is null";
	}
	if (task.info.state == null) {
		throw "VC Task state is null";
	}	

	var state = task.info.state.value;
	if (state == "success") {
		break;
	}
	else if (state == "error") {
		System.log(vm.runtime.question);
		if (task.info.error.localizedMessage == null) {
			System.log(vm.runtime)
			throw "Task '" + task.info.name + "' has encountered an unknown error";
			
		}
		else {
			throw "Task '" + task.info.name + "' error: "+task.info.error.localizedMessage;
		}
	}
	else if ((progress) && (state == "running")) {
		if (task.info.progress == null) {
			System.log(task.info.name+" Queued or In Progress...");
		}
		else {
			System.log(task.info.name+" "+task.info.progress+" %");
		}
	}
		// VM question
	if (vm && vm.runtime.question){
		System.log("The VM requires an answer to a question");
		return vm.runtime.question;
	}
	System.sleep(pollRate*1000);
}

if (task == null) {
	throw "VIM Task is null";
}
else if (progress) {
	System.log(task.info.name+" end");
}

// Return the Task Result
if (task != null && task.info != null && task.info.result != null) {
	return VcPlugin.convertToVimManagedObject(task , task.info.result);
}
else {
	return null;
}]]></script>
</dunes-script-module>