<?xml version='1.0' encoding='UTF-8'?>
<dunes-script-module name="rubrik_GetConfig" result-type="Any" api-version="6.0.0" id="9f45abe2-93fe-4b45-9286-e75530a8387c" version="1.0.0" allowed-operations="vef">
  <param n="categoryName" t="string"><![CDATA[This is the element Category (the folder that holds the element)]]></param>
  <param n="elementName" t="string"><![CDATA[This is the element Name within that Category]]></param>
  <param n="attributeName" t="string"><![CDATA[This is the attribute name within the element]]></param>
  <script encoded="false"><![CDATA[//First get all the Categories
var categories = Server.getAllConfigurationElementCategories();

//Cycle through to get the Category you want
for each (category in categories){
	if (category.name == categoryName){ 
		var myCategory = category;
		}
}

//Get all the elements in the category
var elements = myCategory.allConfigurationElements;

//Cycle through to get the Element you want
for each (element in elements){
	if (element.name == elementName){
		var myElement = element;
		}
}

//Get attribute
var myAttribute = myElement.getAttributeWithKey(attributeName);

//Return attribute value
return myAttribute.value;

]]></script>
</dunes-script-module>