<?xml version='1.0' encoding='UTF-8'?>
<dunes-script-module name="rubrik_GetMountReadiness" result-type="Array/string" api-version="6.0.0" id="af237d38-3dec-4528-861c-3f55a5d41536" version="0.0.0" allowed-operations="vef">
  <description><![CDATA[Query Rubrik for all current SLA Domains and try to match one against the name provided.  If a match is found return the ID of the matching SLA Domain]]></description>
  <param n="rubrikHost" t="REST:RESTHost"><![CDATA[Rubrik REST host]]></param>
  <param n="token" t="string"><![CDATA[]]></param>
  <param n="resultId" t="string"><![CDATA[]]></param>
  <script encoded="false"><![CDATA[//Construct REST call
var url = "vmware/vm/snapshot/mount/" + resultId;
var method = "GET";
var content = undefined;

//Make the REST Call
var response = System.getModule("com.rubrik.devops.actions").rubrik_GetFromAPI(rubrikHost,url,method,content,token)

//Loop Through SLA Domains to Find Corresponding ID
var json = (JSON.parse(response.contentAsString));

return json.isReady;
]]></script>
</dunes-script-module>