<?xml version='1.0' encoding='UTF-8'?>
<dunes-script-module name="rubrik_GetSnapId" result-type="string" api-version="6.0.0" id="a4e83013-6925-4539-a3c5-140f5cebadb8" version="0.0.0" allowed-operations="vef">
  <param n="rubrikHost" t="REST:RESTHost"><![CDATA[Rubrik REST host]]></param>
  <param n="vmid" t="string"><![CDATA[Rubrik VM ID]]></param>
  <param n="token" t="string"><![CDATA[Rubrik authentication token]]></param>
  <param n="snapDate" t="string"><![CDATA[Date to get snapshot before]]></param>
  <script encoded="false"><![CDATA[//Construct REST call
var url = "vmware/vm/" + vmid + "/snapshot";
var method = "GET";
var content = undefined;

snapDate = snapDate.replace(/\ \(.*\)/, "");
System.log("Date - " + snapDate);
//Make the REST call
var response = System.getModule("com.rubrik.devops.actions").rubrik_GetFromAPI(rubrikHost,url,method,content,token);

var json = (JSON.parse(response.contentAsString)).data;

for (var key in json) {
	var obj = json[key];
	convert = System.getModule("com.rubrik.devops.actions").rubrik_convertTimestamp(obj.date, 'fromrubrik');
	System.log("Compare " + convert + " - " + snapDate);
	if(convert == snapDate) {
		var snapshotId = obj.id;
		System.log("***SNAPSHOT FOUND***");
		System.log("Snapshot ID = " + snapshotId);
		return(snapshotId);
	}
}

//Snapshot Not Found
System.error("No Snapshot Found");
throw "Stopping Execution";]]></script>
</dunes-script-module>