<?xml version='1.0' encoding='UTF-8'?>
<dunes-script-module name="rubrik_GetJobResult" result-type="string" api-version="6.0.0" id="7f30cd16-95df-4968-8fd7-c928e81d75ca" version="0.0.0" allowed-operations="vef">
  <description><![CDATA[Wait for a job running in Rubrik to complete and return the final job status]]></description>
  <param n="token" t="string"><![CDATA[Rubrik authentication token]]></param>
  <param n="jobId" t="string"><![CDATA[ID of running job]]></param>
  <param n="rubrikHost" t="REST:RESTHost"><![CDATA[Rubrik REST host]]></param>
  <script encoded="false"><![CDATA[System.log(Function.name);
//Construct REST call
var url = "vmware/vm/request/" + jobId;
var method = "GET";
var content = undefined;

var response = System.getModule("com.rubrik.devops.actions").rubrik_GetFromAPI(rubrikHost,url,method,content,token);

var json = JSON.parse(response.contentAsString);
var jobStatus = json.status

//log response
System.log("Job Status: " + jobStatus);

//Return Final Status
return jobStatus;]]></script>
</dunes-script-module>