<?xml version='1.0' encoding='UTF-8'?>
<dunes-script-module name="rubrik_DeleteMount" result-type="string" api-version="6.0.0" id="ce0a2e00-b466-4701-8e57-133de8a0d844" version="0.0.0" allowed-operations="vef">
  <description><![CDATA[Run a backup job on a VM in Rubrik and return the Rubrik job ID for this backup job]]></description>
  <param n="token" t="string"><![CDATA[Rubrik authentication token]]></param>
  <param n="rubrikHost" t="REST:RESTHost"><![CDATA[Rubrik REST host]]></param>
  <param n="resultId" t="string"><![CDATA[Rubrik VM ID]]></param>
  <script encoded="false"><![CDATA[//Construct REST call
var method = "DELETE";
var url = "vmware/vm/snapshot/mount/" + resultId + "?force=true";
var content = undefined;

//Make the REST call
response = System.getModule("com.rubrik.devops.actions").rubrik_GetFromAPI(rubrikHost,url,method,content,token);

return response;


]]></script>
</dunes-script-module>