<?xml version='1.0' encoding='UTF-8'?>
<dunes-script-module name="rubrik_GetSnapListByVmId" result-type="Array/string" api-version="6.0.0" id="89e1fbd4-cc25-4ab0-9d4e-c86f538c20a1" version="0.0.0" allowed-operations="vef">
  <description><![CDATA[Query Rubrik for all current SLA Domains and try to match one against the name provided.  If a match is found return the ID of the matching SLA Domain]]></description>
  <param n="rubrikHost" t="REST:RESTHost"><![CDATA[Rubrik REST host]]></param>
  <param n="rubrikVmId" t="string"><![CDATA[]]></param>
  <param n="rubrikToken" t="string"><![CDATA[]]></param>
  <script encoded="false"><![CDATA[System.log('Running SnapList');

if (!rubrikVmId || !rubrikToken){return null;}
//Construct REST call
var url = "vmware/vm/" + rubrikVmId + "/snapshot";
var method = "GET";
var content = undefined;

//Make the REST Call
var response = System.getModule("com.rubrik.devops.actions").rubrik_GetFromAPI(rubrikHost,url,method,content,rubrikToken);

//Loop Through SLA Domains to Find Corresponding ID
var json = (JSON.parse(response.contentAsString)).data;
var out = [];
for (var key in json) {
    System.log("Snapshot = " + json[key].date);
    convert = System.getModule("com.rubrik.devops.actions").rubrik_convertTimestamp(json[key].date, 'fromrubrik');
    if ( json[key].cloudState == 1 ) {
      out.push(convert + ' (Cloud)');
    }
    else {
	  out.push(convert + ' (Local)');
	}
}

return out;]]></script>
</dunes-script-module>