<?xml version='1.0' encoding='UTF-8'?>
<dunes-script-module name="rubrik_GetSnapIdForFile" result-type="string" api-version="6.0.0" id="e00de091-de62-4d52-9d86-db78011a1756" version="0.0.0" allowed-operations="vef">
  <description><![CDATA[Query Rubrik for all current SLA Domains and try to match one against the name provided.  If a match is found return the ID of the matching SLA Domain]]></description>
  <param n="rubrikHost" t="REST:RESTHost"><![CDATA[Rubrik REST host]]></param>
  <param n="vmid" t="string"><![CDATA[]]></param>
  <param n="token" t="string"><![CDATA[]]></param>
  <param n="requestedFile" t="string"><![CDATA[]]></param>
  <param n="requestedVersion" t="string"><![CDATA[]]></param>
  <script encoded="false"><![CDATA[//Construct REST call
var url = "vmware/vm/" + vmid + "/search?path=" + requestedFile;
var method = "GET";
var content = undefined;
requestedVersion = requestedVersion.replace(/\ \(.*\)/, "");
//Make the REST Call
var response = System.getModule("com.rubrik.devops.actions").rubrik_GetFromAPI(rubrikHost,url,method,content,token)

//Loop Through SLA Domains to Find Corresponding ID
var json = (JSON.parse(response.contentAsString)).data;
var out = [];
for (var key in json[0].fileVersions) {
  date = json[0].fileVersions[key].lastModified;
  date = System.getModule("com.rubrik.devops.actions").rubrik_convertTimestamp(date,'fromrubrik');
  if(requestedVersion == date){
    return json[0].fileVersions[key].snapshotId
  }
}]]></script>
</dunes-script-module>