<?xml version='1.0' encoding='UTF-8'?>
<dunes-script-module name="rubrik_GetSessionToken" result-type="string" api-version="6.0.0" id="62217709-c51e-4e8f-b1ec-9af0229673fb" version="3.1.0" allowed-operations="vef">
  <param n="rubrikHost" t="REST:RESTHost"><![CDATA[]]></param>
  <param n="username" t="string"><![CDATA[]]></param>
  <param n="password" t="SecureString"><![CDATA[]]></param>
  <script encoded="false"><![CDATA[
var rubrikHost = rubrikHost
var username = username
var password = password
//Construct REST call
var url = "session";
var method = "POST";
var content = ('{"username":"' + username + '",password:"' + password + '"}"');

//Make the REST call
var response = System.getModule("com.rubrik.devops.actions").rubrik_GetFromAPI(rubrikHost,url,method,content,token=undefined);

return JSON.parse(response.contentAsString).token;]]></script>
</dunes-script-module>