<?xml version='1.0' encoding='UTF-8'?>
<dunes-script-module name="rubrik_GetVmId" result-type="string" api-version="6.0.0" id="852efa54-b1a7-458d-8b08-5bb7c607fdfe" version="0.0.0" allowed-operations="vef">
  <description><![CDATA[Return the Rubrik ID for a VM object by matching both the friendly name and moid values]]></description>
  <param n="rubrikHost" t="REST:RESTHost"><![CDATA[Rubrik REST host]]></param>
  <param n="token" t="string"><![CDATA[Rubrik authentication token]]></param>
  <param n="vm" t="VC:VirtualMachine"><![CDATA[VM to get Rubrik ID]]></param>
  <script encoded="false"><![CDATA[//Construct REST call
if ( !token ){return null;}
var method = "GET";
var content = undefined;
var url = "vmware/vm?limit=9999&name=" + vm.name;

//Make the REST call
var response = System.getModule("com.rubrik.devops.actions").rubrik_GetFromAPI(rubrikHost,url,method,content,token)
var json = JSON.parse(response.contentAsString).data

//Loop Through VMs returned from Rubrik
for(key in json) {
	var obj = json[key];
	//If we match the VM friendly name
	if(obj.name == vm.name) {
	        System.log('VMID Found : ' + obj.id);
			return obj.id;
	}
}
	
]]></script>
</dunes-script-module>