<?xml version='1.0' encoding='UTF-8'?>
<dunes-script-module name="rubrik_GetSlaId" result-type="string" api-version="6.0.0" id="98a78745-67db-4cc0-a8e6-a0f1fac0c38b" version="3.1.0" allowed-operations="vef">
  <description><![CDATA[Query Rubrik for all current SLA Domains and try to match one against the name provided.  If a match is found return the ID of the matching SLA Domain]]></description>
  <param n="rubrikHost" t="REST:RESTHost"><![CDATA[Rubrik REST host]]></param>
  <param n="token" t="string"><![CDATA[Rubrik authentication token]]></param>
  <param n="slaDomainName" t="string"><![CDATA[SLA Domain name to get Rubrik ID from]]></param>
  <script encoded="false"><![CDATA[if ( !slaDomainName ){return null;}
var rubrikHost = rubrikHost;
var token = token;
var slaDomainName = slaDomainName;
//Construct REST call
var method = "GET";
var content = undefined;
var url = "sla_domain?limit=9999&primary_cluster_id=local";
//Make the REST Call
var response = System.getModule("com.rubrik.devops.actions").rubrik_GetFromAPI(rubrikHost,url,method,content,token)
var json = (JSON.parse(response.contentAsString)).data;
//Iterate to find SLA
for(var i = 0; i < json.length; i++) {
	var obj = json[i];
	if(obj.name == slaDomainName) {
		return obj.id;
	}
}
//SLA ID Not Found
System.error("No Matching SLA Domain Found With the Name: " + slaDomainName);
throw "Stopping Execution";]]></script>
</dunes-script-module>