<?xml version='1.0' encoding='UTF-8'?>
<dunes-script-module name="rubrik_RefreshVCenter" result-type="CompositeType(vraHost:vCAC:VCACHost)" api-version="6.0.0" id="e29a482e-7a7c-4f05-ba07-becc0d40e834" version="0.0.0" allowed-operations="vef">
  <description><![CDATA[Run a backup job on a VM in Rubrik and return the Rubrik job ID for this backup job]]></description>
  <param n="token" t="string"><![CDATA[Rubrik authentication token]]></param>
  <param n="rubrikHost" t="REST:RESTHost"><![CDATA[Rubrik REST host]]></param>
  <param n="vcenterId" t="Array/string"><![CDATA[Rubrik VM ID]]></param>
  <script encoded="false"><![CDATA[for(key in vcenterId){
  //Construct REST call
  var method = "POST";
  var url = "vmware/vcenter/" + vcenterId[key] + "/refresh";
  //var content = '{"id":"' + vmId + '"}';
  var content = undefined;

  //Make the REST call
  var response = System.getModule("com.rubrik.devops.actions").rubrik_GetFromAPI(rubrikHost,url,method,content,token)
}]]></script>
</dunes-script-module>