<?xml version='1.0' encoding='UTF-8'?>
<workflow xmlns="http://vmware.com/vco/workflow" xmlns:xsi="http://www.w3.org/2001/XMLSchema-instance" xsi:schemaLocation="http://vmware.com/vco/workflow http://vmware.com/vco/workflow/Workflow-v4.xsd" root-name="item2" object-name="workflow:name=generic" id="440cb320-a2b8-4d3b-82ed-4e82ac7c3b20" version="3.1.0" api-version="6.0.0" allowed-operations="vef" icon-id="38c7619b-4257-43f8-98b1-e6548ce015ec" restartMode="1" resumeFromFailedMode="0">
  <display-name><![CDATA[Rubrik - Assign VM to SLA Domain]]></display-name>
  <description><![CDATA[Assign a virtual machine to a Rubrik SLA Domain]]></description>
  <position y="81.77272727272727" x="45.0"/>
  <input>
    <param name="slaDomainName" type="string">
      <description><![CDATA[The name of the SLA domain to add the virtual machine to]]></description>
    </param>
    <param name="vm" type="VC:VirtualMachine">
      <description><![CDATA[The virtual machine that will get added to the Rubrik SLA Domain]]></description>
    </param>
    <param name="token" type="string">
      <description><![CDATA[Rubrik authentication token]]></description>
    </param>
    <param name="rubrikHost" type="REST:RESTHost">
      <description><![CDATA[Rubrik REST Host]]></description>
    </param>
  </input>
  <attrib name="slaID" type="string" read-only="false">
    <value encoded="n"><![CDATA[]]></value>
    <description><![CDATA[Rubrik ID of the SLA Domain]]></description>
  </attrib>
  <attrib name="slavmid" type="string" read-only="false">
    <value encoded="n"><![CDATA[]]></value>
  </attrib>
  <attrib name="returnedSLADomaiName" type="string" read-only="false">
    <value encoded="n"><![CDATA[]]></value>
  </attrib>
  <attrib name="exception" type="string" read-only="false">
    <value encoded="n"><![CDATA[]]></value>
  </attrib>
  <workflow-item name="item2" out-name="item1" business-status="Rubrik Changing SLA Domain" type="task" script-module="com.rubrik.devops.actions/rubrik_GetSlaId">
    <display-name><![CDATA[Get SLA ID]]></display-name>
    <script encoded="false"><![CDATA[//Auto generated script, cannot be modified !
actionResult = System.getModule("com.rubrik.devops.actions").rubrik_GetSlaId(rubrikHost,token,slaDomainName) ;]]></script>
    <in-binding>
      <bind name="rubrikHost" type="REST:RESTHost" export-name="rubrikHost">
        <description><![CDATA[Rubrik REST host]]></description>
      </bind>
      <bind name="token" type="string" export-name="token">
        <description><![CDATA[Rubrik authentication token]]></description>
      </bind>
      <bind name="slaDomainName" type="string" export-name="slaDomainName">
        <description><![CDATA[SLA Domain name to get Rubrik ID from]]></description>
      </bind>
    </in-binding>
    <out-binding>
      <bind name="actionResult" type="string" export-name="slaID"/>
    </out-binding>
    <description><![CDATA[Query Rubrik for all current SLA Domains and try to match one against the name provided.  If a match is found return the ID of the matching SLA Domain]]></description>
    <position y="146.3181818181818" x="5.0"/>
  </workflow-item>
  <workflow-item name="item4" out-name="item3" type="task" script-module="com.rubrik.devops.actions/rubrik_SetSlaByVmId">
    <display-name><![CDATA[Set SLA]]></display-name>
    <script encoded="false"><![CDATA[//Auto generated script, cannot be modified !
actionResult = System.getModule("com.rubrik.devops.actions").rubrik_SetSlaByVmId(token,slaID,rubrikHost,vmId) ;]]></script>
    <in-binding>
      <bind name="token" type="string" export-name="token">
        <description><![CDATA[Rubrik authentication token]]></description>
      </bind>
      <bind name="slaID" type="string" export-name="slaID">
        <description><![CDATA[Rubrik ID for SLA Domain]]></description>
      </bind>
      <bind name="rubrikHost" type="REST:RESTHost" export-name="rubrikHost">
        <description><![CDATA[Rubrik rest host]]></description>
      </bind>
      <bind name="vmId" type="string" export-name="slavmid">
        <description><![CDATA[Rubrik ID for VM]]></description>
      </bind>
    </in-binding>
    <out-binding>
      <bind name="actionResult" type="string" export-name="returnedSLADomaiName"/>
    </out-binding>
    <description><![CDATA[Assigns a VM to a Rubrik SLA Domain]]></description>
    <position y="146.3181818181818" x="404.5"/>
  </workflow-item>
  <workflow-item name="item0" business-status="Rubrik SLA Domain Set" type="end" end-mode="0">
    <position y="81.77272727272727" x="324.5"/>
  </workflow-item>
  <workflow-item name="item1" out-name="item4" type="link" linked-workflow-id="3ea8124e-fe0e-43d6-b8b7-811be722036e">
    <display-name><![CDATA[Get VM ID]]></display-name>
    <in-binding>
      <bind name="rubrikHost" type="REST:RESTHost" export-name="rubrikHost"/>
      <bind name="token" type="string" export-name="token"/>
      <bind name="vm" type="VC:VirtualMachine" export-name="vm"/>
    </in-binding>
    <out-binding>
      <bind name="vmidOut" type="string" export-name="slavmid"/>
    </out-binding>
    <description><![CDATA[This workflow will check the Rubrik for a vmid based on the VC:VirtualMachine object. If it fails, it will refresh vcenter and try again. ]]></description>
    <position y="146.3181818181818" x="284.5"/>
  </workflow-item>
  <workflow-item name="item3" out-name="item0" type="custom-condition" alt-out-name="item5">
    <display-name><![CDATA[Confirm Change]]></display-name>
    <script encoded="false"><![CDATA[if (slaDomainName == slaDomainName){true;}else{false;}]]></script>
    <in-binding>
      <bind name="slaDomainName" type="string" export-name="slaDomainName"/>
      <bind name="returnedSLADomaiName" type="string" export-name="returnedSLADomaiName"/>
    </in-binding>
    <position y="81.77272727272727" x="404.5"/>
  </workflow-item>
  <workflow-item name="item5" business-status="Rubrik SLA Domain Not Set" throw-bind-name="exception" type="end" end-mode="1">
    <position y="81.77272727272727" x="564.5"/>
  </workflow-item>
  <presentation>
    <p-param name="rubrikHost">
      <desc><![CDATA[Rubrik RESTHost]]></desc>
      <p-qual kind="ognl" name="defaultValue" type="REST:RESTHost"><![CDATA[GetAction("com.rubrik.devops.actions","rubrik_GetConfig").call( 'Library','Rubrik','rubrikHost' )]]></p-qual>
    </p-param>
    <p-param name="token">
      <desc><![CDATA[Rubrik authentication token]]></desc>
      <p-qual kind="ognl" name="defaultValue" type="string"><![CDATA[GetAction("com.rubrik.devops.actions","rubrik_GetSessionToken").call( #rubrikHost , #username , #password )]]></p-qual>
    </p-param>
    <p-param name="vm">
      <desc><![CDATA[The virtual machine that will get added to the Rubrik SLA Domain]]></desc>
      <p-qual kind="static" name="show-select-as" type="string"><![CDATA[list]]></p-qual>
    </p-param>
    <p-param name="slaDomainName">
      <desc><![CDATA[slaDomainName]]></desc>
      <p-qual kind="ognl" name="linkedEnumeration" type="Array/string"><![CDATA[GetAction("com.rubrik.devops.actions","rubrik_GetSlaList").call( #rubrikHost , #token )]]></p-qual>
    </p-param>
  </presentation>
</workflow>