<?xml version='1.0' encoding='UTF-8'?>
<workflow xmlns="http://vmware.com/vco/workflow" xmlns:xsi="http://www.w3.org/2001/XMLSchema-instance" xsi:schemaLocation="http://vmware.com/vco/workflow http://vmware.com/vco/workflow/Workflow-v4.xsd" root-name="item2" object-name="workflow:name=generic" id="d4e56a49-96b6-4eec-9e2a-2b877a39fec8" version="0.0.2" api-version="6.0.0" allowed-operations="vef" icon-id="38c7619b-4257-43f8-98b1-e6548ce015ec" restartMode="1" resumeFromFailedMode="0">
  <display-name><![CDATA[Rubrik - Recover File to VM]]></display-name>
  <description><![CDATA[Perform a file search, and recover to a virtual machine.]]></description>
  <position y="18.136363636363633" x="85.0"/>
  <input>
    <param name="token" type="string">
      <description><![CDATA[Rubrik authentication token]]></description>
    </param>
    <param name="rubrikHost" type="REST:RESTHost">
      <description><![CDATA[REST call to GET /vm]]></description>
    </param>
    <param name="requestedVersion" type="string"/>
    <param name="requestedFile" type="string"/>
    <param name="alternatePath" type="string"/>
    <param name="alternateUser" type="string"/>
    <param name="alternatePassword" type="SecureString"/>
    <param name="alternateDomain" type="string"/>
    <param name="vm" type="VC:VirtualMachine"/>
    <param name="vmId" type="string"/>
    <param name="search" type="string"/>
  </input>
  <attrib name="requestedSnapshot" type="string" read-only="false">
    <value encoded="n"><![CDATA[]]></value>
  </attrib>
  <attrib name="taskId" type="string" read-only="false">
    <value encoded="n"><![CDATA[]]></value>
  </attrib>
  <attrib name="monitorResult" type="string" read-only="false">
    <value encoded="n"><![CDATA[]]></value>
  </attrib>
  <workflow-item name="item8" out-name="item1" business-status="Submit Recovery Request" type="task" script-module="com.rubrik.devops.actions/rubrik_SetFileRecovery">
    <display-name><![CDATA[Recover File]]></display-name>
    <script encoded="false"><![CDATA[//Auto generated script, cannot be modified !
actionResult = System.getModule("com.rubrik.devops.actions").rubrik_SetFileRecovery(token,rubrikHost,requestedSnapshot,requestedFile,alternatePath,alternateUser,alternatePassword,alternateDomain) ;]]></script>
    <in-binding>
      <bind name="token" type="string" export-name="token">
        <description><![CDATA[Rubrik authentication token]]></description>
      </bind>
      <bind name="rubrikHost" type="REST:RESTHost" export-name="rubrikHost">
        <description><![CDATA[Rubrik rest host]]></description>
      </bind>
      <bind name="requestedSnapshot" type="string" export-name="requestedSnapshot"/>
      <bind name="requestedFile" type="string" export-name="requestedFile"/>
      <bind name="alternateUser" type="string" export-name="alternateUser"/>
      <bind name="alternatePath" type="string" export-name="alternatePath"/>
      <bind name="alternatePassword" type="SecureString" export-name="alternatePassword"/>
      <bind name="alternateDomain" type="string" export-name="alternateDomain"/>
    </in-binding>
    <out-binding>
      <bind name="actionResult" type="string" export-name="taskId"/>
    </out-binding>
    <description><![CDATA[Assigns a VM to a Rubrik SLA Domain]]></description>
    <position y="28.136363636363633" x="324.5"/>
  </workflow-item>
  <workflow-item name="item2" out-name="item8" type="task" script-module="com.rubrik.devops.actions/rubrik_GetSnapIdForFile">
    <display-name><![CDATA[Get Snapshot ID]]></display-name>
    <script encoded="false"><![CDATA[//Auto generated script, cannot be modified !
actionResult = System.getModule("com.rubrik.devops.actions").rubrik_GetSnapIdForFile(rubrikHost,vmid,token,requestedFile,requestedVersion) ;]]></script>
    <in-binding>
      <bind name="rubrikHost" type="REST:RESTHost" export-name="rubrikHost">
        <description><![CDATA[Rubrik REST host]]></description>
      </bind>
      <bind name="vmid" type="string" export-name="vmId"/>
      <bind name="token" type="string" export-name="token"/>
      <bind name="requestedFile" type="string" export-name="requestedFile"/>
      <bind name="requestedVersion" type="string" export-name="requestedVersion"/>
    </in-binding>
    <out-binding>
      <bind name="actionResult" type="string" export-name="requestedSnapshot"/>
    </out-binding>
    <description><![CDATA[Query Rubrik for all current SLA Domains and try to match one against the name provided.  If a match is found return the ID of the matching SLA Domain]]></description>
    <position y="28.136363636363633" x="184.5"/>
  </workflow-item>
  <workflow-item name="item0" type="end" end-mode="0">
    <position y="18.136363636363633" x="645.0"/>
  </workflow-item>
  <workflow-item name="item1" out-name="item0" type="link" linked-workflow-id="8964e165-cd32-436a-b79e-e3abe3b27bb4">
    <display-name><![CDATA[Monitor Recovery]]></display-name>
    <in-binding>
      <bind name="taskId" type="string" export-name="taskId"/>
      <bind name="rubrikHost" type="REST:RESTHost" export-name="rubrikHost"/>
      <bind name="token" type="string" export-name="token"/>
    </in-binding>
    <out-binding>
      <bind name="result" type="string" export-name="monitorResult"/>
    </out-binding>
    <description><![CDATA[Assign a virtual machine to a Rubrik SLA Domain]]></description>
    <position y="28.136363636363633" x="464.5"/>
  </workflow-item>
  <presentation>
    <p-param name="rubrikHost">
      <desc><![CDATA[rubrikHost]]></desc>
      <p-qual kind="ognl" name="defaultValue" type="REST:RESTHost"><![CDATA[GetAction("com.rubrik.devops.actions","rubrik_GetConfig").call( 'Library','Rubrik','rubrikHost' )]]></p-qual>
    </p-param>
    <p-param name="token">
      <desc><![CDATA[rubrikToken]]></desc>
      <p-qual kind="ognl" name="defaultValue" type="string"><![CDATA[GetAction("com.rubrik.devops.actions","rubrik_GetSessionToken").call( #rubrikHost , #username , #password )]]></p-qual>
    </p-param>
    <p-param name="vm">
      <desc><![CDATA[vm]]></desc>
      <p-qual kind="static" name="show-select-as" type="string"><![CDATA[list]]></p-qual>
    </p-param>
    <p-param name="vmId">
      <desc><![CDATA[vmid]]></desc>
      <p-qual kind="ognl" name="defaultValue" type="string"><![CDATA[GetAction("com.rubrik.devops.actions","rubrik_GetVmId").call( #rubrikHost , #token , #vm )]]></p-qual>
      <p-qual kind="ognl" name="dataBinding" type="string"><![CDATA[GetAction("com.rubrik.devops.actions","rubrik_GetVmId").call( #rubrikHost , #token , #vm )]]></p-qual>
    </p-param>
    <p-param name="requestedFile">
      <desc><![CDATA[requestedFile]]></desc>
    </p-param>
    <p-param name="requestedVersion">
      <desc><![CDATA[requestedVersion]]></desc>
      <p-qual kind="ognl" name="linkedEnumeration" type="Array/string"><![CDATA[GetAction("com.rubrik.devops.actions","rubrik_SearchFilesByVm").call( #rubrikHost , #requestedFile , #vmId , #token )]]></p-qual>
    </p-param>
    <p-param name="alternatePath">
      <desc><![CDATA[alternatePath]]></desc>
    </p-param>
    <p-param name="alternateUser">
      <desc><![CDATA[alternateUser]]></desc>
    </p-param>
    <p-param name="alternatePassword">
      <desc><![CDATA[alternatePassword]]></desc>
    </p-param>
    <p-param name="alternateDomain">
      <desc><![CDATA[alternateDomain]]></desc>
    </p-param>
    <p-param name="search">
      <desc><![CDATA[search]]></desc>
      <p-qual kind="static" name="mandatory" type="boolean"><![CDATA[true]]></p-qual>
    </p-param>
  </presentation>
</workflow>