<?xml version='1.0' encoding='UTF-8'?>
<workflow xmlns="http://vmware.com/vco/workflow" xmlns:xsi="http://www.w3.org/2001/XMLSchema-instance" xsi:schemaLocation="http://vmware.com/vco/workflow http://vmware.com/vco/workflow/Workflow-v4.xsd" root-name="item4" object-name="workflow:name=generic" id="7c8144a5-7da2-4020-b15c-998216943b6a" version="3.1.3" api-version="6.0.0" allowed-operations="vef" icon-id="38c7619b-4257-43f8-98b1-e6548ce015ec" restartMode="1" resumeFromFailedMode="0">
  <display-name><![CDATA[Rubrik - Live Mount]]></display-name>
  <description><![CDATA[Instant Recovery and vMotion of a Virtual Machine to a previous state]]></description>
  <position y="63.59090909090908" x="85.0"/>
  <input>
    <param name="rubrikHost" type="REST:RESTHost">
      <description><![CDATA[Rubrik REST Host]]></description>
    </param>
    <param name="token" type="string">
      <description><![CDATA[Rubrik Session Token]]></description>
    </param>
    <param name="vm" type="VC:VirtualMachine">
      <description><![CDATA[VC:VirtualMachine Array of the VM]]></description>
    </param>
    <param name="vmId" type="string">
      <description><![CDATA[Rubrik VM ID]]></description>
    </param>
    <param name="snapshotDate" type="string"/>
  </input>
  <attrib name="snapshotId" type="string" read-only="false">
    <value encoded="n"><![CDATA[]]></value>
    <description><![CDATA[Rubrik Snapshot ID]]></description>
  </attrib>
  <attrib name="requestId" type="string" read-only="false">
    <value encoded="n"><![CDATA[__NULL__]]></value>
    <description><![CDATA[Rubrik Instant Recovery Request ID]]></description>
  </attrib>
  <attrib name="monitorResult" type="string" read-only="false">
    <value encoded="n"><![CDATA[]]></value>
  </attrib>
  <attrib name="vmidAfter" type="string" read-only="false">
    <value encoded="n"><![CDATA[]]></value>
  </attrib>
  <workflow-item name="item3" out-name="item12" type="task" script-module="com.rubrik.devops.actions/rubrik_GetSnapId">
    <display-name><![CDATA[rubrik_GetSnapId]]></display-name>
    <script encoded="false"><![CDATA[//Auto generated script, cannot be modified !
actionResult = System.getModule("com.rubrik.devops.actions").rubrik_GetSnapId(rubrikHost,vmid,token,snapDate) ;]]></script>
    <in-binding>
      <bind name="rubrikHost" type="REST:RESTHost" export-name="rubrikHost">
        <description><![CDATA[Rubrik REST host]]></description>
      </bind>
      <bind name="vmid" type="string" export-name="vmidAfter">
        <description><![CDATA[Rubrik VM ID]]></description>
      </bind>
      <bind name="token" type="string" export-name="token">
        <description><![CDATA[Rubrik authentication token]]></description>
      </bind>
      <bind name="snapDate" type="string" export-name="snapshotDate">
        <description><![CDATA[Date to get snapshot before]]></description>
      </bind>
    </in-binding>
    <out-binding>
      <bind name="actionResult" type="string" export-name="snapshotId"/>
    </out-binding>
    <position y="73.59090909090908" x="464.5"/>
  </workflow-item>
  <workflow-item name="item12" out-name="item1" type="task" script-module="com.rubrik.devops.actions/rubrik_SetLiveMount">
    <display-name><![CDATA[rubrik_SetLiveMount]]></display-name>
    <script encoded="false"><![CDATA[//Auto generated script, cannot be modified !
actionResult = System.getModule("com.rubrik.devops.actions").rubrik_SetLiveMount(rubrikHost,token,snapshotId) ;]]></script>
    <in-binding>
      <bind name="rubrikHost" type="REST:RESTHost" export-name="rubrikHost">
        <description><![CDATA[Rubrik REST host]]></description>
      </bind>
      <bind name="token" type="string" export-name="token">
        <description><![CDATA[Rubrik authentication token]]></description>
      </bind>
      <bind name="snapshotId" type="string" export-name="snapshotId">
        <description><![CDATA[Rubrik snapshot ID]]></description>
      </bind>
    </in-binding>
    <out-binding>
      <bind name="actionResult" type="string" export-name="requestId"/>
    </out-binding>
    <description><![CDATA[Instantly Recover from a snapshot off the Rubrik platform

WARNING: This action will affect the production VM.  Use with caution!]]></description>
    <position y="73.59090909090908" x="605.0"/>
  </workflow-item>
  <workflow-item name="item0" type="end" end-mode="0">
    <position y="118.13636363636363" x="505.0"/>
  </workflow-item>
  <workflow-item name="item1" out-name="item0" type="link" linked-workflow-id="8964e165-cd32-436a-b79e-e3abe3b27bb4">
    <display-name><![CDATA[Rubrik - Monitor Status]]></display-name>
    <in-binding>
      <bind name="taskId" type="string" export-name="requestId"/>
      <bind name="token" type="string" export-name="token">
        <description><![CDATA[Rubrik authentication token]]></description>
      </bind>
      <bind name="rubrikHost" type="REST:RESTHost" export-name="rubrikHost">
        <description><![CDATA[REST call to GET /vm]]></description>
      </bind>
    </in-binding>
    <out-binding>
      <bind name="result" type="string" export-name="monitorResult"/>
    </out-binding>
    <description><![CDATA[Assign a virtual machine to a Rubrik SLA Domain]]></description>
    <position y="128.13636363636363" x="604.5"/>
  </workflow-item>
  <workflow-item name="item2" out-name="item3" type="link" linked-workflow-id="3ea8124e-fe0e-43d6-b8b7-811be722036e">
    <display-name><![CDATA[Get VM ID]]></display-name>
    <in-binding>
      <bind name="rubrikHost" type="REST:RESTHost" export-name="rubrikHost"/>
      <bind name="token" type="string" export-name="token"/>
      <bind name="vm" type="VC:VirtualMachine" export-name="vm"/>
    </in-binding>
    <out-binding>
      <bind name="vmidOut" type="string" export-name="vmidAfter"/>
    </out-binding>
    <position y="128.13636363636363" x="184.5"/>
  </workflow-item>
  <workflow-item name="item4" out-name="item5" type="custom-condition" alt-out-name="item2">
    <display-name><![CDATA[Custom decision]]></display-name>
    <script encoded="false"><![CDATA[if (local_vmid) {return true} else {return false}]]></script>
    <in-binding>
      <bind name="local_vmid" type="string" export-name="vmId"/>
    </in-binding>
    <position y="63.59090909090908" x="185.0"/>
  </workflow-item>
  <workflow-item name="item5" out-name="item3" type="task">
    <display-name><![CDATA[Scriptable task]]></display-name>
    <script encoded="false"><![CDATA[vmidAfter=vmid]]></script>
    <in-binding>
      <bind name="vmid" type="string" export-name="vmId"/>
    </in-binding>
    <out-binding>
      <bind name="vmidAfter" type="string" export-name="vmidAfter"/>
    </out-binding>
    <position y="73.59090909090908" x="324.5"/>
  </workflow-item>
  <presentation>
    <desc><![CDATA[Submit this request, and monitor your inbox (Manual User Actions). You'll be able to choose a recovery point.]]></desc>
    <p-qual kind="static" name="autostart" type="boolean"><![CDATA[false]]></p-qual>
    <p-param name="rubrikHost">
      <desc><![CDATA[Rubrik REST Host]]></desc>
      <p-qual kind="ognl" name="defaultValue" type="REST:RESTHost"><![CDATA[GetAction("com.rubrik.devops.actions","rubrik_GetConfig").call( 'Library','Rubrik','rubrikHost' )]]></p-qual>
    </p-param>
    <p-param name="vm">
      <desc><![CDATA[VC:VitrualMachine Array of the VM]]></desc>
      <p-qual kind="static" name="show-select-as" type="string"><![CDATA[list]]></p-qual>
    </p-param>
    <p-param name="token">
      <desc><![CDATA[Rubrik Session Token]]></desc>
      <p-qual kind="ognl" name="defaultValue" type="string"><![CDATA[GetAction("com.rubrik.devops.actions","rubrik_GetSessionToken").call( #rubrikHost , #username , #password )]]></p-qual>
    </p-param>
    <p-param name="vmId">
      <desc><![CDATA[Rubrik VM ID]]></desc>
      <p-qual kind="ognl" name="defaultValue" type="string"><![CDATA[GetAction("com.rubrik.devops.actions","rubrik_GetVmId").call( #rubrikHost , #token , #vm )]]></p-qual>
      <p-qual kind="ognl" name="dataBinding" type="string"><![CDATA[GetAction("com.rubrik.devops.actions","rubrik_GetVmId").call( #rubrikHost , #token , #vm )]]></p-qual>
    </p-param>
    <p-param name="snapshotDate">
      <desc><![CDATA[snapshotDate]]></desc>
      <p-qual kind="ognl" name="linkedEnumeration" type="Array/string"><![CDATA[GetAction("com.rubrik.devops.actions","rubrik_GetSnapListByVmId").call( #rubrikHost , #vmId , #token )]]></p-qual>
    </p-param>
  </presentation>
</workflow>