<?xml version="1.0" encoding="UTF-8" standalone="no"?>
<!DOCTYPE properties SYSTEM "http://java.sun.com/dtd/properties.dtd">
<properties>
<comment>0.0.0.0:8230</comment>
<entry key="vso-build-nb">8071781</entry>
<entry key="pkg-description"></entry>
<entry key="pkg-name">com.rubrik.devops</entry>
<entry key="used-plugins">REST#2.2.2,VC#6.5.0,vCAC#7.3.0,vCACCAFE#7.2.0</entry>
<entry key="pkg-owner">O=VMware,OU=Unknown,CN=vRO devops-vro.rubrik.demo 1dc5dbda-aaed-4412-a766-8587472d5263</entry>
<entry key="vso-version">7.4.0.8071781</entry>
<entry key="pkg-id">2c958a915c49d6f0015c68da1bfe007e</entry>
</properties>
