<?xml version='1.0' encoding='UTF-8'?>
<workflow xmlns="http://vmware.com/vco/workflow" xmlns:xsi="http://www.w3.org/2001/XMLSchema-instance" xsi:schemaLocation="http://vmware.com/vco/workflow http://vmware.com/vco/workflow/Workflow-v4.xsd" root-name="item1" object-name="workflow:name=generic" id="3ea8124e-fe0e-43d6-b8b7-811be722036e" version="0.0.0" api-version="6.0.0" allowed-operations="vef" icon-id="38c7619b-4257-43f8-98b1-e6548ce015ec" restartMode="1" resumeFromFailedMode="0">
  <display-name><![CDATA[Rubrik - Get VMID]]></display-name>
  <description><![CDATA[This workflow will check the Rubrik for a vmid based on the VC:VirtualMachine object. If it fails, it will refresh vcenter and try again. ]]></description>
  <position y="0.0" x="45.0"/>
  <input>
    <param name="rubrikHost" type="REST:RESTHost"/>
    <param name="token" type="string"/>
    <param name="vm" type="VC:VirtualMachine"/>
  </input>
  <output>
    <param name="vmidOut" type="string"/>
  </output>
  <attrib name="vcenterId" type="Array/string" read-only="false">
    <value encoded="n"><![CDATA[__NULL__]]></value>
    <description><![CDATA[vCenter ID Array ]]></description>
  </attrib>
  <attrib name="counter" type="boolean" read-only="false">
    <value encoded="n"><![CDATA[false]]></value>
    <description><![CDATA[Tick Counter]]></description>
  </attrib>
  <attrib name="actionResult" type="string" read-only="false">
    <value encoded="n"><![CDATA[]]></value>
  </attrib>
  <attrib name="vmid" type="string" read-only="false">
    <value encoded="n"><![CDATA[]]></value>
    <description><![CDATA[Rubrik vmId]]></description>
  </attrib>
  <attrib name="sleepTime" type="number" read-only="false">
    <value encoded="n"><![CDATA[10.0]]></value>
    <description><![CDATA[Delay Time]]></description>
  </attrib>
  <attrib name="refreshVC" type="boolean" read-only="false">
    <value encoded="n"><![CDATA[__NULL__]]></value>
    <description><![CDATA[Tick]]></description>
  </attrib>
  <workflow-item name="item1" out-name="item0" type="task" script-module="com.rubrik.devops.actions/rubrik_GetVmId">
    <display-name><![CDATA[rubrik_GetVmId]]></display-name>
    <script encoded="false"><![CDATA[//Auto generated script, cannot be modified !
actionResult = System.getModule("com.rubrik.devops.actions").rubrik_GetVmId(rubrikHost,token,vm) ;]]></script>
    <in-binding>
      <bind name="rubrikHost" type="REST:RESTHost" export-name="rubrikHost">
        <description><![CDATA[Rubrik REST host]]></description>
      </bind>
      <bind name="token" type="string" export-name="token">
        <description><![CDATA[Rubrik authentication token]]></description>
      </bind>
      <bind name="vm" type="VC:VirtualMachine" export-name="vm">
        <description><![CDATA[VM to get Rubrik ID]]></description>
      </bind>
    </in-binding>
    <out-binding>
      <bind name="actionResult" type="string" export-name="vmid"/>
    </out-binding>
    <description><![CDATA[Return the Rubrik ID for a VM object by matching both the friendly name and moid values]]></description>
    <position y="64.5" x="4.5"/>
  </workflow-item>
  <workflow-item name="item3" out-name="item4" type="task" script-module="com.rubrik.devops.actions/rubrik_GetVCenterId">
    <display-name><![CDATA[rubrik_GetVCenterId]]></display-name>
    <script encoded="false"><![CDATA[//Auto generated script, cannot be modified !
actionResult = System.getModule("com.rubrik.devops.actions").rubrik_GetVCenterId(token,rubrikHost,vm) ;]]></script>
    <in-binding>
      <bind name="token" type="string" export-name="token">
        <description><![CDATA[Rubrik authentication token]]></description>
      </bind>
      <bind name="rubrikHost" type="REST:RESTHost" export-name="rubrikHost">
        <description><![CDATA[Rubrik REST host]]></description>
      </bind>
      <bind name="vm" type="VC:VirtualMachine" export-name="vm">
        <description><![CDATA[Rubrik VM ID]]></description>
      </bind>
    </in-binding>
    <out-binding>
      <bind name="actionResult" type="Array/string" export-name="vcenterId"/>
    </out-binding>
    <description><![CDATA[Run a backup job on a VM in Rubrik and return the Rubrik job ID for this backup job]]></description>
    <position y="173.59090909090907" x="244.5"/>
  </workflow-item>
  <workflow-item name="item4" out-name="item7" type="task" script-module="com.rubrik.devops.actions/rubrik_RefreshVCenter">
    <display-name><![CDATA[rubrik_RefreshVCenter]]></display-name>
    <script encoded="false"><![CDATA[//Auto generated script, cannot be modified !
actionResult = System.getModule("com.rubrik.devops.actions").rubrik_RefreshVCenter(token,rubrikHost,vcenterId) ;]]></script>
    <in-binding>
      <bind name="token" type="string" export-name="token">
        <description><![CDATA[Rubrik authentication token]]></description>
      </bind>
      <bind name="rubrikHost" type="REST:RESTHost" export-name="rubrikHost">
        <description><![CDATA[Rubrik REST host]]></description>
      </bind>
      <bind name="vcenterId" type="Array/string" export-name="vcenterId">
        <description><![CDATA[Rubrik VM ID]]></description>
      </bind>
    </in-binding>
    <out-binding>
      <bind name="actionResult" type="string" export-name="actionResult"/>
    </out-binding>
    <description><![CDATA[Run a backup job on a VM in Rubrik and return the Rubrik job ID for this backup job]]></description>
    <position y="173.59090909090907" x="124.5"/>
  </workflow-item>
  <workflow-item name="item5" type="switch">
    <display-name><![CDATA[Refresh Once]]></display-name>
    <script encoded="false"><![CDATA[//Generated by the system, cannot be edited
if (refreshVC == true) {
    return "item6";
} else if (true) {
    return "item3";
}]]></script>
    <in-binding>
      <bind name="refreshVC" type="boolean" export-name="refreshVC"/>
    </in-binding>
    <condition name="refreshVC" type="boolean" comparator="0" label="item6">false</condition>
    <condition name="" type="boolean" comparator="6" label="item3"/>
    <position y="119.04545454545453" x="244.5"/>
  </workflow-item>
  <workflow-item name="item6" prototype-id="sleep" out-name="item1" content-mode="x" type="task">
    <display-name><![CDATA[Sleep]]></display-name>
    <script encoded="false"><![CDATA[//Auto-generated script
if ( sleepTime != null )  {
	System.sleep(sleepTime*1000);
}
else  {
	throw "'sleepTime' is NULL";
}
]]></script>
    <in-binding>
      <bind name="sleepTime" type="number" export-name="sleepTime">
        <description><![CDATA[Time to sleep in seconds]]></description>
      </bind>
    </in-binding>
    <out-binding/>
    <description><![CDATA[Sleep a given number of seconds]]></description>
    <position y="119.04545454545453" x="4.5"/>
  </workflow-item>
  <workflow-item name="item7" prototype-id="increase-counter" out-name="item6" content-mode="x" type="task">
    <display-name><![CDATA[Tick]]></display-name>
    <script encoded="false"><![CDATA[//Auto-generated script
counter = counter+1;]]></script>
    <in-binding>
      <bind name="counter" type="boolean" export-name="counter"/>
    </in-binding>
    <out-binding>
      <bind name="counter" type="boolean" export-name="counter"/>
    </out-binding>
    <description><![CDATA[Increment a counter by one]]></description>
    <position y="173.59090909090907" x="4.5"/>
  </workflow-item>
  <workflow-item name="item0" out-name="item8" type="custom-condition" alt-out-name="item5">
    <display-name><![CDATA[Check ID]]></display-name>
    <script encoded="false"><![CDATA[if (vmid){true;}else{false;}]]></script>
    <in-binding>
      <bind name="vmid" type="string" export-name="vmid"/>
    </in-binding>
    <position y="54.5" x="244.5"/>
  </workflow-item>
  <workflow-item name="item2" type="end" end-mode="0">
    <position y="109.04545454545453" x="425.0"/>
  </workflow-item>
  <workflow-item name="item8" out-name="item2" type="task">
    <display-name><![CDATA[Scriptable task]]></display-name>
    <script encoded="false"><![CDATA[vmidOut=vmid;
System.log("Returning " + vmidOut)]]></script>
    <in-binding>
      <bind name="vmid" type="string" export-name="vmid"/>
    </in-binding>
    <out-binding>
      <bind name="vmidOut" type="string" export-name="vmidOut"/>
    </out-binding>
    <position y="64.5" x="385.0"/>
  </workflow-item>
  <presentation>
    <p-param name="rubrikHost">
      <desc><![CDATA[rubrikHost]]></desc>
    </p-param>
    <p-param name="token">
      <desc><![CDATA[token]]></desc>
    </p-param>
    <p-param name="vm">
      <desc><![CDATA[vm]]></desc>
    </p-param>
  </presentation>
</workflow>