<?xml version='1.0' encoding='UTF-8'?>
<workflow xmlns="http://vmware.com/vco/workflow" xmlns:xsi="http://www.w3.org/2001/XMLSchema-instance" xsi:schemaLocation="http://vmware.com/vco/workflow http://vmware.com/vco/workflow/Workflow-v4.xsd" root-name="item0" object-name="workflow:name=generic" id="8964e165-cd32-436a-b79e-e3abe3b27bb4" version="3.1.0" api-version="6.0.0" allowed-operations="vef" icon-id="38c7619b-4257-43f8-98b1-e6548ce015ec" restartMode="1" resumeFromFailedMode="0">
  <display-name><![CDATA[Rubrik - Monitor Status]]></display-name>
  <description><![CDATA[Assign a virtual machine to a Rubrik SLA Domain]]></description>
  <position y="0.45454545454545325" x="45.0"/>
  <input>
    <param name="taskId" type="string"/>
    <param name="token" type="string">
      <description><![CDATA[Rubrik authentication token]]></description>
    </param>
    <param name="rubrikHost" type="REST:RESTHost">
      <description><![CDATA[REST call to GET /vm]]></description>
    </param>
  </input>
  <output>
    <param name="result" type="string"/>
  </output>
  <attrib name="taskStatus" type="string" read-only="false">
    <value encoded="n"><![CDATA[]]></value>
  </attrib>
  <attrib name="sleepTime" type="number" read-only="false">
    <value encoded="n"><![CDATA[5.0]]></value>
    <description><![CDATA[Time to sleep in seconds]]></description>
  </attrib>
  <attrib name="taskStatusBefore" type="string" read-only="false">
    <value encoded="n"><![CDATA[]]></value>
  </attrib>
  <workflow-item name="item9" business-status="Rubrik Task Completed" type="end" end-mode="0">
    <position y="309.0454545454545" x="44.5"/>
  </workflow-item>
  <workflow-item name="item10" out-name="item1" type="condition" alt-out-name="item12" comparator="0">
    <display-name><![CDATA[Check Status]]></display-name>
    <script encoded="false"><![CDATA[//Generated by the system, cannot be edited
return (taskStatus == "SUCCEEDED") ;]]></script>
    <in-binding>
      <bind name="taskStatus" type="string" export-name="taskStatus"/>
    </in-binding>
    <condition name="taskStatus" type="string" comparator="0" label="null">SUCCEEDED</condition>
    <position y="218.13636363636363" x="0.0"/>
  </workflow-item>
  <workflow-item name="item11" prototype-id="sleep" out-name="item0" content-mode="x" type="task">
    <display-name><![CDATA[Monitoring Status]]></display-name>
    <script encoded="false"><![CDATA[//Auto-generated script
if ( sleepTime != null )  {
	System.sleep(sleepTime*1000);
}
else  {
	throw "'sleepTime' is NULL";
}
]]></script>
    <in-binding>
      <bind name="sleepTime" type="number" export-name="sleepTime">
        <description><![CDATA[Time to sleep in seconds]]></description>
      </bind>
    </in-binding>
    <out-binding/>
    <description><![CDATA[Sleep a given number of seconds]]></description>
    <position y="119.04545454545453" x="284.5"/>
  </workflow-item>
  <workflow-item name="item12" out-name="item13" type="condition" alt-out-name="item11" comparator="0">
    <display-name><![CDATA[Check Status]]></display-name>
    <script encoded="false"><![CDATA[//Generated by the system, cannot be edited
return (taskStatus.indexOf( "FAIL" ) != -1) ;]]></script>
    <in-binding>
      <bind name="taskStatus" type="string" export-name="taskStatus"/>
    </in-binding>
    <condition name="taskStatus" type="string" comparator="1" label="null">FAIL</condition>
    <position y="218.13636363636363" x="144.5"/>
  </workflow-item>
  <workflow-item name="item13" business-status="Rubrik Task Failed" throw-bind-name="taskStatus" type="end" end-mode="1">
    <position y="263.59090909090907" x="184.5"/>
  </workflow-item>
  <workflow-item name="item14" out-name="item17" type="condition" alt-out-name="item10" comparator="0">
    <display-name><![CDATA[Check Running]]></display-name>
    <script encoded="false"><![CDATA[//Generated by the system, cannot be edited
return (taskStatus.indexOf( "RUN" ) != -1) ;]]></script>
    <in-binding>
      <bind name="taskStatus" type="string" export-name="taskStatus"/>
    </in-binding>
    <condition name="taskStatus" type="string" comparator="1" label="null">RUN</condition>
    <position y="163.59090909090907" x="0.0"/>
  </workflow-item>
  <workflow-item name="item15" out-name="item11" type="custom-condition" alt-out-name="item19">
    <display-name><![CDATA[Monitoring Status]]></display-name>
    <script encoded="false"><![CDATA[if (jobResult == jobResultBefore){ return true;} else {return false;}
]]></script>
    <in-binding>
      <bind name="jobResult" type="string" export-name="taskStatus"/>
      <bind name="jobResultBefore" type="string" export-name="taskStatusBefore"/>
    </in-binding>
    <position y="54.5" x="144.5"/>
  </workflow-item>
  <workflow-item name="item16" out-name="item18" type="condition" alt-out-name="item14" comparator="0">
    <display-name><![CDATA[Check Queued]]></display-name>
    <script encoded="false"><![CDATA[//Generated by the system, cannot be edited
return (taskStatus == "QUEUED") ;]]></script>
    <in-binding>
      <bind name="taskStatus" type="string" export-name="taskStatus"/>
    </in-binding>
    <condition name="taskStatus" type="string" comparator="0" label="null">QUEUED</condition>
    <position y="109.04545454545453" x="0.0"/>
  </workflow-item>
  <workflow-item name="item17" out-name="item11" business-status="Rubrik Task Running" type="task">
    <display-name><![CDATA[Set Status]]></display-name>
    <script encoded="false"><![CDATA[//status]]></script>
    <in-binding/>
    <out-binding/>
    <position y="173.59090909090907" x="144.5"/>
  </workflow-item>
  <workflow-item name="item18" out-name="item11" business-status="Rubrik Task Queued" type="task">
    <display-name><![CDATA[Set Status]]></display-name>
    <script encoded="false"><![CDATA[//status]]></script>
    <in-binding/>
    <out-binding/>
    <position y="119.04545454545453" x="144.5"/>
  </workflow-item>
  <workflow-item name="item19" out-name="item16" type="task">
    <display-name><![CDATA[Track Change]]></display-name>
    <script encoded="false"><![CDATA[jobResultBefore = jobResult;]]></script>
    <in-binding>
      <bind name="jobResult" type="string" export-name="taskStatus"/>
    </in-binding>
    <out-binding>
      <bind name="jobResultBefore" type="string" export-name="taskStatusBefore"/>
    </out-binding>
    <position y="64.5" x="5.0"/>
  </workflow-item>
  <workflow-item name="item0" out-name="item15" type="task" script-module="com.rubrik.devops.actions/rubrik_GetTaskStatus">
    <display-name><![CDATA[rubrik_GetTaskStatus]]></display-name>
    <script encoded="false"><![CDATA[//Auto generated script, cannot be modified !
actionResult = System.getModule("com.rubrik.devops.actions").rubrik_GetTaskStatus(rubrikHost,token,requestId) ;]]></script>
    <in-binding>
      <bind name="rubrikHost" type="REST:RESTHost" export-name="rubrikHost">
        <description><![CDATA[Rubrik REST host]]></description>
      </bind>
      <bind name="token" type="string" export-name="token">
        <description><![CDATA[Rubrik authentication token]]></description>
      </bind>
      <bind name="requestId" type="string" export-name="taskId"/>
    </in-binding>
    <out-binding>
      <bind name="actionResult" type="string" export-name="taskStatus"/>
    </out-binding>
    <description><![CDATA[Instantly Recover from a snapshot off the Rubrik platform

WARNING: This action will affect the production VM.  Use with caution!]]></description>
    <position y="9.954545454545453" x="145.0"/>
  </workflow-item>
  <workflow-item name="item1" out-name="item9" type="task" script-module="com.rubrik.devops.actions/rubrik_GetTaskResult">
    <display-name><![CDATA[rubrik_GetTaskResult]]></display-name>
    <script encoded="false"><![CDATA[//Auto generated script, cannot be modified !
actionResult = System.getModule("com.rubrik.devops.actions").rubrik_GetTaskResult(rubrikHost,token,requestId) ;]]></script>
    <in-binding>
      <bind name="rubrikHost" type="REST:RESTHost" export-name="rubrikHost">
        <description><![CDATA[Rubrik REST host]]></description>
      </bind>
      <bind name="token" type="string" export-name="token">
        <description><![CDATA[Rubrik authentication token]]></description>
      </bind>
      <bind name="requestId" type="string" export-name="taskId"/>
    </in-binding>
    <out-binding>
      <bind name="actionResult" type="string" export-name="result"/>
    </out-binding>
    <description><![CDATA[Instantly Recover from a snapshot off the Rubrik platform

WARNING: This action will affect the production VM.  Use with caution!]]></description>
    <position y="273.59090909090907" x="5.0"/>
  </workflow-item>
  <presentation>
    <p-param name="taskId">
      <desc><![CDATA[taskId]]></desc>
    </p-param>
    <p-param name="token">
      <desc><![CDATA[Rubrik authentication token]]></desc>
    </p-param>
    <p-param name="rubrikHost">
      <desc><![CDATA[REST call to GET /vm]]></desc>
    </p-param>
  </presentation>
</workflow>