<?xml version='1.0' encoding='UTF-8'?>
<workflow xmlns="http://vmware.com/vco/workflow" xmlns:xsi="http://www.w3.org/2001/XMLSchema-instance" xsi:schemaLocation="http://vmware.com/vco/workflow http://vmware.com/vco/workflow/Workflow-v4.xsd" root-name="item0" object-name="workflow:name=generic" id="36ad1503-c920-436c-a6cd-96e13a932082" version="3.1.0" api-version="6.0.0" allowed-operations="vef" icon-id="38c7619b-4257-43f8-98b1-e6548ce015ec" restartMode="1" resumeFromFailedMode="0">
  <display-name><![CDATA[Rubrik - GetSessionToken]]></display-name>
  <description><![CDATA[Obtain a Session Token for Rubrik]]></description>
  <position y="0.0" x="65.0"/>
  <output>
    <param name="rubrik_Token" type="string">
      <description><![CDATA[Rubrik authentication token]]></description>
    </param>
  </output>
  <attrib name="username" type="string" read-only="false" conf-id="bdd0c5bf-0a75-4500-a7ef-41141502e51e" conf-key="username">
    <value encoded="n"><![CDATA[]]></value>
  </attrib>
  <attrib name="password" type="SecureString" read-only="false" conf-id="bdd0c5bf-0a75-4500-a7ef-41141502e51e" conf-key="password">
    <value encoded="n"><![CDATA[__NULL__]]></value>
  </attrib>
  <attrib name="rubrikHost" type="REST:RESTHost" read-only="false">
    <value encoded="n"><![CDATA[dunes://service.dunes.ch/CustomSDKObject?id='7732ebeb-c734-447e-859e-08e9b33217a5'&dunesName='REST:RESTHost']]></value>
    <description><![CDATA[Rubrik RESTHost]]></description>
  </attrib>
  <workflow-item name="item0" out-name="item1" type="task" script-module="com.rubrik.devops.actions/rubrik_GetSessionToken">
    <display-name><![CDATA[rubrik_GetSessionToken]]></display-name>
    <script encoded="false"><![CDATA[//Auto generated script, cannot be modified !
actionResult = System.getModule("com.rubrik.devops.actions").rubrik_GetSessionToken(rubrikHost,username,password) ;]]></script>
    <in-binding>
      <bind name="rubrikHost" type="REST:RESTHost" export-name="rubrikHost"/>
      <bind name="username" type="string" export-name="username"/>
      <bind name="password" type="SecureString" export-name="password"/>
      <bind name="lifecycleState" type="string" explicitly-not-bound="true" export-name="NULL"/>
    </in-binding>
    <out-binding>
      <bind name="actionResult" type="string" export-name="rubrik_Token"/>
    </out-binding>
    <position y="9.954545454545453" x="164.5"/>
  </workflow-item>
  <workflow-item name="item1" type="end" end-mode="0">
    <position y="63.59090909090908" x="205.0"/>
  </workflow-item>
  <presentation/>
</workflow>