<?xml version="1.0" encoding="UTF-8" standalone="no"?>
<!DOCTYPE properties SYSTEM "http://java.sun.com/dtd/properties.dtd">
<properties>
<comment>Exported from [server]</comment>
<entry key="version">3.0.0</entry>
<entry key="mimetype">image/jpeg</entry>
<entry key="categoryPath">Library.Rubrik</entry>
<entry key="name">Rubriklogo.jpg</entry>
<entry key="type">ResourceElement</entry>
<entry key="description">Rubrik Logo</entry>
<entry key="id">38c7619b-4257-43f8-98b1-e6548ce015ec</entry>
</properties>
