<?xml version='1.0' encoding='UTF-8'?>
<workflow xmlns="http://vmware.com/vco/workflow" xmlns:xsi="http://www.w3.org/2001/XMLSchema-instance" xsi:schemaLocation="http://vmware.com/vco/workflow http://vmware.com/vco/workflow/Workflow-v4.xsd" root-name="item1" object-name="workflow:name=generic" id="6c339e8e-4d92-4570-9c4e-c29b6b461c43" version="0.0.2" api-version="6.0.0" allowed-operations="vef" icon-id="38c7619b-4257-43f8-98b1-e6548ce015ec" restartMode="1" resumeFromFailedMode="0">
  <display-name><![CDATA[Rubrik - Instant Recovery]]></display-name>
  <description><![CDATA[Instant Recovery and vMotion of a Virtual Machine to a previous state]]></description>
  <position y="54.5" x="24.5"/>
  <input>
    <param name="vm" type="VC:VirtualMachine"/>
    <param name="vmid" type="string"/>
    <param name="token" type="string"/>
    <param name="rubrikHost" type="REST:RESTHost">
      <description><![CDATA[REST call to GET /vm]]></description>
    </param>
    <param name="snapshotPrior" type="boolean"/>
    <param name="vMotion" type="boolean"/>
    <param name="snapChoice" type="string"/>
    <param name="slaDomainToApply" type="string"/>
  </input>
  <attrib name="username" type="string" read-only="false" conf-id="bdd0c5bf-0a75-4500-a7ef-41141502e51e" conf-key="username">
    <value encoded="n"><![CDATA[]]></value>
  </attrib>
  <attrib name="password" type="SecureString" read-only="false" conf-id="bdd0c5bf-0a75-4500-a7ef-41141502e51e" conf-key="password">
    <value encoded="n"><![CDATA[__NULL__]]></value>
  </attrib>
  <attrib name="snapId" type="string" read-only="false">
    <value encoded="n"><![CDATA[]]></value>
  </attrib>
  <attrib name="taskId" type="string" read-only="false">
    <value encoded="n"><![CDATA[]]></value>
  </attrib>
  <attrib name="vchost" type="VC:HostSystem" read-only="false">
    <value encoded="n"><![CDATA[__NULL__]]></value>
  </attrib>
  <attrib name="vMotionResult" type="string" read-only="false">
    <value encoded="n"><![CDATA[]]></value>
  </attrib>
  <attrib name="vcpool" type="VC:ResourcePool" read-only="false">
    <value encoded="n"><![CDATA[__NULL__]]></value>
  </attrib>
  <attrib name="vcdatastore" type="VC:Datastore" read-only="false">
    <value encoded="n"><![CDATA[__NULL__]]></value>
  </attrib>
  <attrib name="result" type="string" read-only="false">
    <value encoded="n"><![CDATA[]]></value>
  </attrib>
  <attrib name="deleteResult" type="string" read-only="false">
    <value encoded="n"><![CDATA[]]></value>
  </attrib>
  <attrib name="refreshToken" type="string" read-only="false">
    <value encoded="n"><![CDATA[]]></value>
  </attrib>
  <attrib name="vmDiskFiles" type="Array/string" read-only="false">
    <value encoded="n"><![CDATA[__NULL__]]></value>
  </attrib>
  <workflow-item name="item2" out-name="item11" type="task" script-module="com.rubrik.devops.actions/rubrik_GetSnapId">
    <display-name><![CDATA[rubrik_GetSnapId]]></display-name>
    <script encoded="false"><![CDATA[//Auto generated script, cannot be modified !
actionResult = System.getModule("com.rubrik.devops.actions").rubrik_GetSnapId(rubrikHost,vmid,token,snapDate) ;]]></script>
    <in-binding>
      <bind name="rubrikHost" type="REST:RESTHost" export-name="rubrikHost">
        <description><![CDATA[Rubrik REST host]]></description>
      </bind>
      <bind name="vmid" type="string" export-name="vmid">
        <description><![CDATA[Rubrik VM ID]]></description>
      </bind>
      <bind name="token" type="string" export-name="token">
        <description><![CDATA[Rubrik authentication token]]></description>
      </bind>
      <bind name="snapDate" type="string" export-name="snapChoice">
        <description><![CDATA[Date to get snapshot before]]></description>
      </bind>
    </in-binding>
    <out-binding>
      <bind name="actionResult" type="string" export-name="snapId"/>
    </out-binding>
    <position y="64.5" x="404.5"/>
  </workflow-item>
  <workflow-item name="item1" out-name="item3" type="condition" alt-out-name="item2" comparator="0">
    <display-name><![CDATA[Snapshot VM?]]></display-name>
    <script encoded="false"><![CDATA[//Generated by the system, cannot be edited
return (snapshotPrior == true) ;]]></script>
    <in-binding>
      <bind name="snapshotPrior" type="boolean" export-name="snapshotPrior"/>
    </in-binding>
    <condition name="snapshotPrior" type="boolean" comparator="0" label="null">false</condition>
    <position y="54.5" x="144.5"/>
  </workflow-item>
  <workflow-item name="item3" out-name="item2" type="link" linked-workflow-id="0307ec42-c734-432a-8783-f5ad08600af5">
    <display-name><![CDATA[Rubrik - On-Demand Snapshot]]></display-name>
    <in-binding>
      <bind name="vm" type="VC:VirtualMachine" export-name="vm">
        <description><![CDATA[Virtual machine to backup]]></description>
      </bind>
      <bind name="token" type="string" export-name="token">
        <description><![CDATA[Rubrik authentication token]]></description>
      </bind>
      <bind name="vmid" type="string" export-name="vmid"/>
      <bind name="rubrikHost" type="REST:RESTHost" export-name="rubrikHost">
        <description><![CDATA[Rubrik RESTHost]]></description>
      </bind>
      <bind name="slaDomain" type="string" export-name="slaDomainToApply"/>
    </in-binding>
    <out-binding/>
    <description><![CDATA[Initiate an on-demand backup job and wait for a success/failure response]]></description>
    <position y="9.954545454545453" x="145.0"/>
  </workflow-item>
  <workflow-item name="item4" out-name="item6" business-status="Recovering" type="task" script-module="com.rubrik.devops.actions/rubrik_SetInstantRecovery">
    <display-name><![CDATA[rubrik_SetInstantRecovery]]></display-name>
    <script encoded="false"><![CDATA[//Auto generated script, cannot be modified !
actionResult = System.getModule("com.rubrik.devops.actions").rubrik_SetInstantRecovery(rubrikHost,token,snapshotId) ;]]></script>
    <in-binding>
      <bind name="rubrikHost" type="REST:RESTHost" export-name="rubrikHost">
        <description><![CDATA[Rubrik REST host]]></description>
      </bind>
      <bind name="token" type="string" export-name="token">
        <description><![CDATA[Rubrik authentication token]]></description>
      </bind>
      <bind name="snapshotId" type="string" export-name="snapId">
        <description><![CDATA[Rubrik snapshot ID]]></description>
      </bind>
    </in-binding>
    <out-binding>
      <bind name="actionResult" type="string" export-name="taskId"/>
    </out-binding>
    <description><![CDATA[Instantly Recover from a snapshot off the Rubrik platform

WARNING: This action will affect the production VM.  Use with caution!]]></description>
    <position y="64.5" x="804.5"/>
  </workflow-item>
  <workflow-item name="item0" type="end" end-mode="0">
    <position y="163.59090909090907" x="424.5"/>
  </workflow-item>
  <workflow-item name="item12" out-name="item7" type="condition" alt-out-name="item13" comparator="0">
    <display-name><![CDATA[vMotion VM?]]></display-name>
    <script encoded="false"><![CDATA[//Generated by the system, cannot be edited
return (vMotion == true) ;]]></script>
    <in-binding>
      <bind name="vMotion" type="boolean" export-name="vMotion"/>
    </in-binding>
    <condition name="vMotion" type="boolean" comparator="0" label="null">false</condition>
    <position y="109.04545454545453" x="544.5"/>
  </workflow-item>
  <workflow-item name="item13" type="end" end-mode="0">
    <position y="163.59090909090907" x="584.5"/>
  </workflow-item>
  <workflow-item name="item14" out-name="item4" type="task">
    <display-name><![CDATA[Get vMotion Info]]></display-name>
    <script encoded="false"><![CDATA[//Get Placement Information
var vm = vm;
var vchost = vm.runtime.host;
var computeResource = vchost.parent;
var vcpool = computeResource.resourcePool;
var vmxPath = vm.config.files.vmPathName;
var startOfDatastoreName = vmxPath.indexOf('[')+1;
var endOfDatastoreName = vmxPath.indexOf(']');
var vmxDatastore = vmxPath.substring(startOfDatastoreName,endOfDatastoreName);
var xpath = "xpath:name='" + vmxDatastore + "'";
var datastores = VcPlugin.getAllDatastores(null, xpath);
if(datastores.length === 0) {
	throw "Does not exist: '" + vmxDatastore + "'";
}
else if (datastores.length > 1) {
	throw "Confusion, too many: '" + vmxDatastore + "'";
}
vcdatastore = datastores[0];


]]></script>
    <in-binding>
      <bind name="vm" type="VC:VirtualMachine" export-name="vm"/>
    </in-binding>
    <out-binding>
      <bind name="vchost" type="VC:HostSystem" export-name="vchost"/>
      <bind name="vcpool" type="VC:ResourcePool" export-name="vcpool"/>
      <bind name="vcdatastore" type="VC:Datastore" export-name="vcdatastore"/>
    </out-binding>
    <position y="9.954545454545453" x="545.0"/>
  </workflow-item>
  <workflow-item name="item11" out-name="item14" type="condition" alt-out-name="item4" comparator="0">
    <display-name><![CDATA[vMotion VM?]]></display-name>
    <script encoded="false"><![CDATA[//Generated by the system, cannot be edited
return (vMotion == true) ;]]></script>
    <in-binding>
      <bind name="vMotion" type="boolean" export-name="vMotion"/>
    </in-binding>
    <condition name="vMotion" type="boolean" comparator="0" label="null">false</condition>
    <position y="54.5" x="544.5"/>
  </workflow-item>
  <workflow-item name="item15" out-name="item8" type="task">
    <display-name><![CDATA[Perform vMotion]]></display-name>
    <script encoded="false"><![CDATA[//Get New VM details
System.log("Relocate " + vm.name + " - " + vcdatastore + "|" + vchost + "|" + vcpool)
relocateSpec = System.getModule("com.vmware.library.vc.vm.spec").getRelocateSpec(vcdatastore,null ,null,null,null );
System.log(relocateSpec);
task = vm.relocateVM_Task(relocateSpec);  
vMotionResult = System.getModule("com.vmware.library.vc.basic").vim3WaitTaskEnd(task,false,60) ;  
System.log("Storage vMotion performed for VM : " + vm.name); 
]]></script>
    <in-binding>
      <bind name="vm" type="VC:VirtualMachine" export-name="vm"/>
      <bind name="vchost" type="VC:HostSystem" export-name="vchost"/>
      <bind name="vcpool" type="VC:ResourcePool" export-name="vcpool"/>
      <bind name="vcdatastore" type="VC:Datastore" export-name="vcdatastore"/>
    </in-binding>
    <out-binding>
      <bind name="vMotionResult" type="string" export-name="vMotionResult"/>
    </out-binding>
    <position y="119.04545454545453" x="0.0"/>
  </workflow-item>
  <workflow-item name="item6" out-name="item12" type="link" linked-workflow-id="8964e165-cd32-436a-b79e-e3abe3b27bb4">
    <display-name><![CDATA[Rubrik - Monitor Status]]></display-name>
    <in-binding>
      <bind name="taskId" type="string" export-name="taskId"/>
      <bind name="token" type="string" export-name="token">
        <description><![CDATA[Rubrik authentication token]]></description>
      </bind>
      <bind name="rubrikHost" type="REST:RESTHost" export-name="rubrikHost">
        <description><![CDATA[REST call to GET /vm]]></description>
      </bind>
    </in-binding>
    <out-binding>
      <bind name="result" type="string" export-name="result"/>
    </out-binding>
    <description><![CDATA[Assign a virtual machine to a Rubrik SLA Domain]]></description>
    <position y="119.04545454545453" x="805.0"/>
  </workflow-item>
  <workflow-item name="item5" out-name="item0" type="task" script-module="com.rubrik.devops.actions/rubrik_DeleteMount">
    <display-name><![CDATA[rubrik_DeleteMount]]></display-name>
    <script encoded="false"><![CDATA[//Auto generated script, cannot be modified !
actionResult = System.getModule("com.rubrik.devops.actions").rubrik_DeleteMount(token,rubrikHost,resultId) ;]]></script>
    <in-binding>
      <bind name="token" type="string" export-name="refreshToken">
        <description><![CDATA[Rubrik authentication token]]></description>
      </bind>
      <bind name="rubrikHost" type="REST:RESTHost" export-name="rubrikHost">
        <description><![CDATA[Rubrik REST host]]></description>
      </bind>
      <bind name="resultId" type="string" export-name="result">
        <description><![CDATA[Rubrik VM ID]]></description>
      </bind>
    </in-binding>
    <out-binding>
      <bind name="actionResult" type="string" export-name="deleteResult"/>
    </out-binding>
    <description><![CDATA[Run a backup job on a VM in Rubrik and return the Rubrik job ID for this backup job]]></description>
    <position y="173.59090909090907" x="124.5"/>
  </workflow-item>
  <workflow-item name="item7" out-name="item9" type="link" linked-workflow-id="96d0d26c-0f26-4332-adee-5959472752c1">
    <display-name><![CDATA[Rubrik - Disconnect CD]]></display-name>
    <in-binding>
      <bind name="vm" type="VC:VirtualMachine" export-name="vm">
        <description><![CDATA[Virtual machine from which to disconnect all floppy disk and CD-ROM drives]]></description>
      </bind>
    </in-binding>
    <out-binding/>
    <description><![CDATA[Disconnects floppy disks, CD-ROM drives, parallel ports, and serial ports from a running virtual machine.]]></description>
    <position y="119.04545454545453" x="404.5"/>
  </workflow-item>
  <workflow-item name="item8" out-name="item5" type="task" script-module="com.rubrik.devops.actions/rubrik_GetSessionToken">
    <display-name><![CDATA[rubrik_GetSessionToken]]></display-name>
    <script encoded="false"><![CDATA[//Auto generated script, cannot be modified !
actionResult = System.getModule("com.rubrik.devops.actions").rubrik_GetSessionToken(rubrikHost,username,password) ;]]></script>
    <in-binding>
      <bind name="rubrikHost" type="REST:RESTHost" export-name="rubrikHost"/>
      <bind name="username" type="string" export-name="username"/>
      <bind name="password" type="SecureString" export-name="password"/>
    </in-binding>
    <out-binding>
      <bind name="actionResult" type="string" export-name="refreshToken"/>
    </out-binding>
    <position y="173.59090909090907" x="0.0"/>
  </workflow-item>
  <workflow-item name="item9" out-name="item10" type="task" script-module="com.rubrik.devops.actions/rubrik_GetVirtualDisks">
    <display-name><![CDATA[rubrik_GetVirtualDisks]]></display-name>
    <script encoded="false"><![CDATA[//Auto generated script, cannot be modified !
actionResult = System.getModule("com.rubrik.devops.actions").rubrik_GetVirtualDisks(vm,vcdatastore) ;]]></script>
    <in-binding>
      <bind name="vm" type="VC:VirtualMachine" export-name="vm"/>
      <bind name="vcdatastore" type="VC:Datastore" export-name="vcdatastore"/>
    </in-binding>
    <out-binding>
      <bind name="actionResult" type="Array/string" export-name="vmDiskFiles"/>
    </out-binding>
    <description><![CDATA[Finds a list of all virtual disks for VM on specified datastore.]]></description>
    <position y="119.04545454545453" x="265.0"/>
  </workflow-item>
  <workflow-item name="item10" out-name="item15" type="task" script-module="com.rubrik.devops.actions/rubrik_RemoveVirtualDisks">
    <display-name><![CDATA[rubrik_RemoveVirtualDisks]]></display-name>
    <script encoded="false"><![CDATA[//Auto generated script, cannot be modified !
System.getModule("com.rubrik.devops.actions").rubrik_RemoveVirtualDisks(vcdatastore,vmDiskFiles) ;]]></script>
    <in-binding>
      <bind name="vcdatastore" type="VC:Datastore" export-name="vcdatastore"/>
      <bind name="vmDiskFiles" type="Array/string" export-name="vmDiskFiles"/>
    </in-binding>
    <out-binding/>
    <description><![CDATA[Removes all virtual disk files that are listed input array]]></description>
    <position y="119.54545454545453" x="125.0"/>
  </workflow-item>
  <presentation>
    <desc><![CDATA[Submit this request, and monitor your inbox (Manual User Actions). You'll be able to choose a recovery point.]]></desc>
    <p-qual kind="static" name="autostart" type="boolean"><![CDATA[false]]></p-qual>
    <p-param name="token">
      <desc><![CDATA[token]]></desc>
      <p-qual kind="ognl" name="defaultValue" type="string"><![CDATA[GetAction("com.rubrik.devops.actions","rubrik_GetSessionToken").call( #rubrikHost , #username , #password )]]></p-qual>
    </p-param>
    <p-param name="vm">
      <desc><![CDATA[vm]]></desc>
    </p-param>
    <p-param name="vmid">
      <desc><![CDATA[vmid]]></desc>
      <p-qual kind="ognl" name="defaultValue" type="string"><![CDATA[GetAction("com.rubrik.devops.actions","rubrik_GetVmId").call( #rubrikHost , #token , #vm )]]></p-qual>
      <p-qual kind="ognl" name="dataBinding" type="string"><![CDATA[GetAction("com.rubrik.devops.actions","rubrik_GetVmId").call( #rubrikHost , #token , #vm )]]></p-qual>
    </p-param>
    <p-param name="rubrikHost">
      <desc><![CDATA[REST call to GET /vm]]></desc>
      <p-qual kind="ognl" name="defaultValue" type="REST:RESTHost"><![CDATA[GetAction("com.rubrik.devops.actions","rubrik_GetConfig").call( 'Library','Rubrik','rubrikHost' )]]></p-qual>
    </p-param>
    <p-param name="snapshotPrior">
      <desc><![CDATA[snapshotPrior]]></desc>
    </p-param>
    <p-param name="vMotion">
      <desc><![CDATA[vMotion]]></desc>
    </p-param>
    <p-param name="snapChoice">
      <desc><![CDATA[snapList]]></desc>
      <p-qual kind="ognl" name="genericEnumeration" type="Array/string"><![CDATA[GetAction("com.rubrik.devops.actions","rubrik_GetSnapListByVmId").call( #rubrikHost , #vmid , #token )]]></p-qual>
    </p-param>
    <p-param name="slaDomainToApply">
      <desc><![CDATA[slaDomainToApply]]></desc>
      <p-qual kind="ognl" name="linkedEnumeration" type="Array/string"><![CDATA[GetAction("com.rubrik.devops.actions","rubrik_GetSlaList").call( #rubrikHost , #token )]]></p-qual>
      <p-qual kind="ognl" name="defaultValue" type="string"><![CDATA[GetAction("com.rubrik.devops.actions","rubrik_GetSlaByVmId").call( #rubrikHost , #vmid , #token )]]></p-qual>
    </p-param>
  </presentation>
</workflow>