<?xml version='1.0' encoding='UTF-8'?>
<workflow xmlns="http://vmware.com/vco/workflow" xmlns:xsi="http://www.w3.org/2001/XMLSchema-instance" xsi:schemaLocation="http://vmware.com/vco/workflow http://vmware.com/vco/workflow/Workflow-v4.xsd" root-name="item5" object-name="workflow:name=generic" id="0307ec42-c734-432a-8783-f5ad08600af5" version="3.1.0" api-version="6.0.0" allowed-operations="vef" icon-id="38c7619b-4257-43f8-98b1-e6548ce015ec" restartMode="1" resumeFromFailedMode="0">
  <display-name><![CDATA[Rubrik - On-Demand Snapshot]]></display-name>
  <description><![CDATA[Initiate an on-demand backup job and wait for a success/failure response]]></description>
  <position y="36.31818181818181" x="145.0"/>
  <input>
    <param name="vm" type="VC:VirtualMachine">
      <description><![CDATA[Virtual machine to backup]]></description>
    </param>
    <param name="token" type="string">
      <description><![CDATA[Rubrik authentication token]]></description>
    </param>
    <param name="vmid" type="string"/>
    <param name="rubrikHost" type="REST:RESTHost">
      <description><![CDATA[Rubrik RESTHost]]></description>
    </param>
    <param name="slaDomain" type="string"/>
  </input>
  <attrib name="vmidAfter" type="string" read-only="false">
    <value encoded="n"><![CDATA[]]></value>
  </attrib>
  <attrib name="taskId" type="string" read-only="false">
    <value encoded="n"><![CDATA[]]></value>
  </attrib>
  <attrib name="slaId" type="string" read-only="false">
    <value encoded="n"><![CDATA[]]></value>
  </attrib>
  <attrib name="exception" type="string" read-only="false">
    <value encoded="n"><![CDATA[]]></value>
  </attrib>
  <workflow-item name="item4" out-name="item0" business-status="Snapshot Requested" type="task" script-module="com.rubrik.devops.actions/rubrik_SetSnapJob">
    <display-name><![CDATA[Submit Job Request]]></display-name>
    <script encoded="false"><![CDATA[//Auto generated script, cannot be modified !
actionResult = System.getModule("com.rubrik.devops.actions").rubrik_SetSnapJob(token,rubrikHost,vmId) ;]]></script>
    <in-binding>
      <bind name="token" type="string" export-name="token">
        <description><![CDATA[Rubrik authentication token]]></description>
      </bind>
      <bind name="rubrikHost" type="REST:RESTHost" export-name="rubrikHost">
        <description><![CDATA[Rubrik REST host]]></description>
      </bind>
      <bind name="vmId" type="string" export-name="vmidAfter">
        <description><![CDATA[Rubrik VM ID]]></description>
      </bind>
      <bind name="slaId" type="string" export-name="slaId"/>
    </in-binding>
    <out-binding>
      <bind name="actionResult" type="string" export-name="taskId"/>
    </out-binding>
    <description><![CDATA[Run a backup job on a VM in Rubrik and return the Rubrik job ID for this backup job]]></description>
    <position y="46.31818181818181" x="664.5"/>
  </workflow-item>
  <workflow-item name="item0" out-name="item1" type="link" linked-workflow-id="8964e165-cd32-436a-b79e-e3abe3b27bb4">
    <display-name><![CDATA[Monitor Job Status]]></display-name>
    <in-binding>
      <bind name="taskId" type="string" export-name="taskId"/>
      <bind name="rubrikHost" type="REST:RESTHost" export-name="rubrikHost"/>
      <bind name="token" type="string" export-name="token"/>
    </in-binding>
    <out-binding>
      <bind name="result" type="string" export-name="exception"/>
    </out-binding>
    <description><![CDATA[Assign a virtual machine to a Rubrik SLA Domain]]></description>
    <position y="46.31818181818181" x="804.5"/>
  </workflow-item>
  <workflow-item name="item1" type="end" end-mode="0">
    <position y="90.86363636363636" x="844.5"/>
  </workflow-item>
  <workflow-item name="item2" out-name="item4" type="link" linked-workflow-id="3ea8124e-fe0e-43d6-b8b7-811be722036e">
    <display-name><![CDATA[Get VM ID]]></display-name>
    <in-binding>
      <bind name="rubrikHost" type="REST:RESTHost" export-name="rubrikHost"/>
      <bind name="token" type="string" export-name="token"/>
      <bind name="vm" type="VC:VirtualMachine" export-name="vm"/>
    </in-binding>
    <out-binding>
      <bind name="vmidOut" type="string" export-name="vmidAfter"/>
    </out-binding>
    <position y="100.86363636363636" x="384.5"/>
  </workflow-item>
  <workflow-item name="item5" out-name="item3" type="task" script-module="com.rubrik.devops.actions/rubrik_GetSlaId">
    <display-name><![CDATA[rubrik_GetSlaId]]></display-name>
    <script encoded="false"><![CDATA[//Auto generated script, cannot be modified !
actionResult = System.getModule("com.rubrik.devops.actions").rubrik_GetSlaId(rubrikHost,token,slaDomainName) ;]]></script>
    <in-binding>
      <bind name="rubrikHost" type="REST:RESTHost" export-name="rubrikHost">
        <description><![CDATA[Rubrik REST host]]></description>
      </bind>
      <bind name="token" type="string" export-name="token">
        <description><![CDATA[Rubrik authentication token]]></description>
      </bind>
      <bind name="slaDomainName" type="string" export-name="slaDomain">
        <description><![CDATA[SLA Domain name to get Rubrik ID from]]></description>
      </bind>
    </in-binding>
    <out-binding>
      <bind name="actionResult" type="string" export-name="slaId"/>
    </out-binding>
    <description><![CDATA[Query Rubrik for all current SLA Domains and try to match one against the name provided.  If a match is found return the ID of the matching SLA Domain]]></description>
    <position y="46.31818181818181" x="244.5"/>
  </workflow-item>
  <workflow-item name="item3" out-name="item6" type="custom-condition" alt-out-name="item2">
    <display-name><![CDATA[Custom decision]]></display-name>
    <script encoded="false"><![CDATA[if (local_vmid) {return true} else {return false}]]></script>
    <in-binding>
      <bind name="local_vmid" type="string" export-name="vmid"/>
    </in-binding>
    <position y="36.81818181818181" x="385.0"/>
  </workflow-item>
  <workflow-item name="item6" out-name="item4" type="task">
    <display-name><![CDATA[Scriptable task]]></display-name>
    <script encoded="false"><![CDATA[vmidAfter=vmid]]></script>
    <in-binding>
      <bind name="vmid" type="string" export-name="vmid"/>
    </in-binding>
    <out-binding>
      <bind name="vmidAfter" type="string" export-name="vmidAfter"/>
    </out-binding>
    <position y="46.31818181818181" x="524.5"/>
  </workflow-item>
  <presentation>
    <p-param name="vm">
      <desc><![CDATA[Virtual machine to backup]]></desc>
      <p-qual kind="static" name="show-select-as" type="string"><![CDATA[list]]></p-qual>
    </p-param>
    <p-param name="rubrikHost">
      <desc><![CDATA[Rubrik REST Host]]></desc>
      <p-qual kind="ognl" name="defaultValue" type="REST:RESTHost"><![CDATA[GetAction("com.rubrik.devops.actions","rubrik_GetConfig").call( 'Library','Rubrik','rubrikHost' )]]></p-qual>
    </p-param>
    <p-param name="token">
      <desc><![CDATA[Rubrik authentication token]]></desc>
      <p-qual kind="ognl" name="defaultValue" type="string"><![CDATA[GetAction("com.rubrik.devops.actions","rubrik_GetSessionToken").call( #rubrikHost , #username , #password )]]></p-qual>
    </p-param>
    <p-param name="vmid">
      <desc><![CDATA[vmid]]></desc>
    </p-param>
    <p-param name="slaDomain">
      <desc><![CDATA[slaDomain]]></desc>
    </p-param>
  </presentation>
</workflow>