<?xml version='1.0' encoding='UTF-8'?>
<workflow xmlns="http://vmware.com/vco/workflow" xmlns:xsi="http://www.w3.org/2001/XMLSchema-instance" xsi:schemaLocation="http://vmware.com/vco/workflow http://vmware.com/vco/workflow/Workflow-v4.xsd" root-name="item2" object-name="Workflow:name=generic" id="96d0d26c-0f26-4332-adee-5959472752c1" version="1.1.0" api-version="6.0.0" allowed-operations="vef" restartMode="1" resumeFromFailedMode="0">
  <display-name><![CDATA[Rubrik - Disconnect CD]]></display-name>
  <description><![CDATA[Disconnects floppy disks, CD-ROM drives, parallel ports, and serial ports from a running virtual machine.]]></description>
  <position y="73.18181818181817" x="385.0"/>
  <input>
    <param name="vm" type="VC:VirtualMachine">
      <description><![CDATA[Virtual machine from which to disconnect all floppy disk and CD-ROM drives]]></description>
    </param>
  </input>
  <attrib name="task" type="VC:Task" read-only="false">
    <value encoded="n"><![CDATA[__NULL__]]></value>
    <description><![CDATA[Task to await]]></description>
  </attrib>
  <attrib name="progress" type="boolean" read-only="false">
    <value encoded="n"><![CDATA[false]]></value>
    <description><![CDATA[Log progress while waiting for the task to complete]]></description>
  </attrib>
  <attrib name="pollRate" type="number" read-only="false">
    <value encoded="n"><![CDATA[1.0]]></value>
    <description><![CDATA[Polling rate for the task state, in seconds]]></description>
  </attrib>
  <attrib name="taskActionResult" type="string" read-only="false">
    <value encoded="n"><![CDATA[]]></value>
  </attrib>
  <attrib name="choiceList" type="Array/Any" read-only="false">
    <value encoded="n"><![CDATA[__NULL__]]></value>
  </attrib>
  <attrib name="questionId" type="string" read-only="false">
    <value encoded="n"><![CDATA[]]></value>
  </attrib>
  <attrib name="answerList" type="Array/string" read-only="false">
    <value encoded="n"><![CDATA[__NULL__]]></value>
  </attrib>
  <attrib name="questionText2" type="string" read-only="false">
    <value encoded="n"><![CDATA[]]></value>
  </attrib>
  <attrib name="questionText" type="string" read-only="false">
    <value encoded="n"><![CDATA[]]></value>
  </attrib>
  <attrib name="questionAnswer" type="string" read-only="false">
    <value encoded="n"><![CDATA[]]></value>
  </attrib>
  <attrib name="sleepTime" type="number" read-only="false">
    <value encoded="n"><![CDATA[20.0]]></value>
    <description><![CDATA[Time to sleep in seconds]]></description>
  </attrib>
  <workflow-note x="618.0" y="100.0" w="364.0" h="276.0">
    <description><![CDATA[VM requires answer
]]></description>
  </workflow-note>
  <workflow-item name="item0" out-name="item3" type="task">
    <display-name><![CDATA[Disconnect detachable media]]></display-name>
    <script encoded="false"><![CDATA[task = null;

// Only disconnect devices on a running VM
if ( vm.runtime.powerState == VcVirtualMachinePowerState.poweredOn )  {
	var devices = vm.config.hardware.device;
	if ( devices != null )  {

		var mustReconfig = false;
		var configSpec = new VcVirtualMachineConfigSpec();
		var deviceConfigSpecs = new Array();
		var deviceConfigSpec;

		for ( var ii in devices )  {
			var device = devices[ii];
				// Only disconnect floppy, cdrom, parallel port and serial port
			if ( device instanceof VcVirtualCdrom )  {
			 		System.log(device);
					if ( device.connectable != null )  {
					var connectable = device.connectable;
					// Create a reconfig device spec if the device is connected
					if ( connectable.connected == true || connectable.status == 'untried' )  {
					    System.log("Trying to disconnect CD");
						device.connectable.connected = false;
						var deviceConfigSpec = new VcVirtualDeviceConfigSpec();
						deviceConfigSpec.device = device;
						deviceConfigSpec.operation = VcVirtualDeviceConfigSpecOperation.edit;
						deviceConfigSpecs.push( deviceConfigSpec );
						mustReconfig = true;
						System.log( "Device '" + System.getObjectClassName(device) + "' will be detached." );
					}
				}
			}
		}
		// If a "detachable" connected device was found, create a reconfigVM task
		if ( mustReconfig == true )  {
			configSpec.deviceChange = deviceConfigSpecs;
			// Launch the reconfigVM task
			task = vm.reconfigVM_Task( configSpec );
		}
		else  {
			System.log( "No detachable device is connected for VM '" + vm.name + "'" );
		}
	}
	else  {
		System.log( "No device found for VM '" + vm.name + "'" );
	}
}
else  {
	System.log( "VM '" + vm.name + "' is not poweredOn, no need to disconnect devices." );
}
]]></script>
    <in-binding>
      <bind name="vm" type="VC:VirtualMachine" export-name="vm"/>
    </in-binding>
    <out-binding>
      <bind name="task" type="VC:Task" export-name="task"/>
    </out-binding>
    <position y="82.68181818181817" x="64.5"/>
  </workflow-item>
  <workflow-item name="item1" type="end" end-mode="0">
    <position y="199.95454545454544" x="104.5"/>
  </workflow-item>
  <workflow-item name="item3" out-name="item8" type="condition" alt-out-name="item1" comparator="0">
    <display-name><![CDATA[Decision]]></display-name>
    <script encoded="false"><![CDATA[//Generated by the system, cannot be edited
return (task  != null ) ;]]></script>
    <in-binding>
      <bind name="task" type="VC:Task" export-name="task"/>
    </in-binding>
    <condition name="task" type="VC:Task" comparator="0" label="null"/>
    <position y="127.22727272727272" x="64.5"/>
  </workflow-item>
  <workflow-item name="item4" type="end" end-mode="0">
    <position y="299.95454545454544" x="504.5"/>
  </workflow-item>
  <workflow-item name="item6" out-name="item10" type="task">
    <display-name><![CDATA[Send answer to VM]]></display-name>
    <script encoded="false"><![CDATA[// The user has selected a response, now we need to convert it back from the label to the key because the answerVM requires the key 
var theAnswer;
for (i in choiceList) {
	if (choiceList[i].label == "button.yes"){
		theAnswer = choiceList[i].key;
		System.log("Answer selected: "  + choiceList[i].key + " (The text the user selected was: " + questionAnswer + ")");
		break;
	}
}

vm.answerVM(questionId , theAnswer);]]></script>
    <in-binding>
      <bind name="vm" type="VC:VirtualMachine" export-name="vm"/>
      <bind name="questionAnswer" type="string" export-name="questionAnswer"/>
      <bind name="questionId" type="string" export-name="questionId"/>
      <bind name="choiceList" type="Array/Any" export-name="choiceList"/>
      <bind name="pollRate" type="number" export-name="pollRate"/>
    </in-binding>
    <out-binding/>
    <position y="255.40909090909088" x="664.5"/>
  </workflow-item>
  <workflow-item name="item7" out-name="item6" type="task">
    <display-name><![CDATA[Set question text]]></display-name>
    <script encoded="false"><![CDATA[// Set text to display in user interaction
var question = vm.runtime.question;

questionId = question.id;

questionText = question.text;
questionText2 = "Please choose: " + "\n";

// Set array of valid answers
choiceList=question.choice.choiceInfo;
// Set array of texts to display in presentation allowing user to choose response 
answerList = new Array();	
for (i in choiceList) {
	answerList.push(choiceList[i].label);
}
]]></script>
    <in-binding>
      <bind name="vm" type="VC:VirtualMachine" export-name="vm"/>
    </in-binding>
    <out-binding>
      <bind name="questionText" type="string" export-name="questionText"/>
      <bind name="questionText2" type="string" export-name="questionText2"/>
      <bind name="answerList" type="Array/string" export-name="answerList"/>
      <bind name="questionId" type="string" export-name="questionId"/>
      <bind name="choiceList" type="Array/Any" export-name="choiceList"/>
    </out-binding>
    <position y="137.22727272727272" x="664.5"/>
  </workflow-item>
  <workflow-item name="item8" out-name="item9" type="task" script-module="com.rubrik.devops.actions/rubrik_answerQuestion">
    <display-name><![CDATA[rubrik_answerQuestion]]></display-name>
    <script encoded="false"><![CDATA[//Auto generated script, cannot be modified !
actionResult = System.getModule("com.rubrik.devops.actions").rubrik_answerQuestion(task,progress,pollRate,vm) ;]]></script>
    <in-binding>
      <bind name="task" type="VC:Task" export-name="task">
        <description><![CDATA[Task to Wait for]]></description>
      </bind>
      <bind name="progress" type="boolean" export-name="progress">
        <description><![CDATA[Log progess while waiting for the task]]></description>
      </bind>
      <bind name="pollRate" type="number" export-name="pollRate">
        <description><![CDATA[Polling rate for the task state [seconds]]]></description>
      </bind>
      <bind name="vm" type="VC:VirtualMachine" export-name="vm"/>
    </in-binding>
    <out-binding>
      <bind name="actionResult" type="Any" export-name="taskActionResult"/>
    </out-binding>
    <description><![CDATA[Wait for a VC Task to end or for the VM to ask a question.
Return the task result or the question asked. ]]></description>
    <position y="137.22727272727272" x="264.5"/>
  </workflow-item>
  <workflow-item name="item9" out-name="item7" type="custom-condition" alt-out-name="item4">
    <display-name><![CDATA[VM Question?]]></display-name>
    <script encoded="false"><![CDATA[if (taskActionResult instanceof VcVirtualMachineQuestionInfo){
	return true;
}
else {
	return false;
}]]></script>
    <in-binding>
      <bind name="taskActionResult" type="Any" export-name="taskActionResult"/>
    </in-binding>
    <position y="127.22727272727272" x="464.5"/>
  </workflow-item>
  <workflow-item name="item10" out-name="item4" type="task" script-module="com.vmware.library.vc.basic/vim3WaitTaskEnd">
    <display-name><![CDATA[vim3WaitTaskEnd]]></display-name>
    <script encoded="false"><![CDATA[//Auto generated script, cannot be modified !
actionResult = System.getModule("com.vmware.library.vc.basic").vim3WaitTaskEnd(task,progress,pollRate) ;]]></script>
    <in-binding>
      <bind name="task" type="VC:Task" export-name="task">
        <description><![CDATA[Task to Wait for]]></description>
      </bind>
      <bind name="progress" type="boolean" export-name="progress">
        <description><![CDATA[Log progess while waiting for the task]]></description>
      </bind>
      <bind name="pollRate" type="number" export-name="pollRate">
        <description><![CDATA[Polling rate for the task state [seconds]]]></description>
      </bind>
    </in-binding>
    <out-binding>
      <bind name="actionResult" type="string" export-name="taskActionResult"/>
    </out-binding>
    <description><![CDATA[Wait for a VC Task to end.
When task ended, return the task result if any. ]]></description>
    <position y="309.95454545454544" x="664.5"/>
  </workflow-item>
  <workflow-item name="item2" prototype-id="sleep" out-name="item0" content-mode="x" type="task">
    <display-name><![CDATA[Sleep]]></display-name>
    <script encoded="false"><![CDATA[//Auto-generated script
if ( sleepTime != null )  {
	System.sleep(sleepTime*1000);
}
else  {
	throw "'sleepTime' is NULL";
}
]]></script>
    <in-binding>
      <bind name="sleepTime" type="number" export-name="sleepTime">
        <description><![CDATA[Time to sleep in seconds]]></description>
      </bind>
    </in-binding>
    <out-binding/>
    <description><![CDATA[Sleep a given number of seconds]]></description>
    <position y="82.68181818181817" x="204.5"/>
  </workflow-item>
  <presentation>
    <p-step>
      <title><![CDATA[VM]]></title>
      <p-group>
        <title><![CDATA[Choose a VM]]></title>
        <p-param name="vm">
          <desc><![CDATA[Virtual machine from which to disconnect all floppy disk and CD-ROM drives]]></desc>
          <p-qual kind="static" name="mandatory" type="boolean"><![CDATA[true]]></p-qual>
        </p-param>
      </p-group>
    </p-step>
  </presentation>
</workflow>